rank	gene	score	matched_hpo_terms
1	TAF1	20.000000	20
2	AHDC1	15.000000	15
3	KMT2A	15.000000	15
4	RAI1	15.000000	15
5	SMARCA2	15.000000	15
6	CREBBP	14.000000	14
7	CTCF	14.000000	14
8	RNU4-2	14.000000	14
9	SMC1A	14.000000	14
10	SPEN	14.000000	14
11	ADNP	13.000000	13
12	EHMT1	13.000000	13
13	FGFR1	13.000000	13
14	HIVEP2	13.000000	13
15	KDM6B	13.000000	13
16	KMT2D	13.000000	13
17	MBD5	13.000000	13
18	NFIX	13.000000	13
19	PTCH1	13.000000	13
20	RAD21	13.000000	13
21	SIN3A	13.000000	13
22	SMC3	13.000000	13
23	SNRPN	13.000000	13
24	TBX1	13.000000	13
25	TRIO	13.000000	13
26	ZFX	13.000000	13
27	ASCC3	12.000000	12
28	ASXL3	12.000000	12
29	BRAF	12.000000	12
30	BRD4	12.000000	12
31	CPLX1	12.000000	12
32	ELN	12.000000	12
33	EP300	12.000000	12
34	FBXO11	12.000000	12
35	GJA5	12.000000	12
36	HDAC8	12.000000	12
37	KDM6A	12.000000	12
38	MARK2	12.000000	12
39	MED16	12.000000	12
40	MKS1	12.000000	12
41	NIPBL	12.000000	12
42	PAN2	12.000000	12
43	POGZ	12.000000	12
44	RERE	12.000000	12
45	SPTBN1	12.000000	12
46	SRCAP	12.000000	12
47	ARID1B	11.000000	11
48	ARID2	11.000000	11
49	ARVCF	11.000000	11
50	ATP6V1A	11.000000	11
51	ATP6V1B2	11.000000	11
52	BICRA	11.000000	11
53	CDH11	11.000000	11
54	CDK13	11.000000	11
55	CDKL5	11.000000	11
56	CLCN3	11.000000	11
57	CNTNAP2	11.000000	11
58	COMT	11.000000	11
59	DPF2	11.000000	11
60	DYRK1A	11.000000	11
61	EBF3	11.000000	11
62	ELFN1	11.000000	11
63	FIG4	11.000000	11
64	GJA8	11.000000	11
65	GP1BB	11.000000	11
66	HIRA	11.000000	11
67	IQSEC2	11.000000	11
68	JMJD1C	11.000000	11
69	KCNH1	11.000000	11
70	MAPK1	11.000000	11
71	NEXMIF	11.000000	11
72	NSD1	11.000000	11
73	NSD2	11.000000	11
74	RNU2-2	11.000000	11
75	RREB1	11.000000	11
76	SATB2	11.000000	11
77	SEC24C	11.000000	11
78	SETBP1	11.000000	11
79	SMARCD1	11.000000	11
80	STAG2	11.000000	11
81	TBC1D24	11.000000	11
82	UBAP2L	11.000000	11
83	UFD1	11.000000	11
84	WAC	11.000000	11
85	AFF4	10.000000	10
86	ANKRD11	10.000000	10
87	ATRX	10.000000	10
88	BORCS8	10.000000	10
89	CDC42BPB	10.000000	10
90	CEP290	10.000000	10
91	CSNK2A1	10.000000	10
92	DHCR7	10.000000	10
93	DOT1L	10.000000	10
94	FBN1	10.000000	10
95	HSPG2	10.000000	10
96	KAT6A	10.000000	10
97	KLHL20	10.000000	10
98	MAGEL2	10.000000	10
99	MED12	10.000000	10
100	MED12L	10.000000	10
101	NALCN	10.000000	10
102	NSUN2	10.000000	10
103	OTUD6B	10.000000	10
104	PACS1	10.000000	10
105	PGAP3	10.000000	10
106	PIGG	10.000000	10
107	PPFIA3	10.000000	10
108	PRMT7	10.000000	10
109	PUF60	10.000000	10
110	RNU4ATAC	10.000000	10
111	RNU5B-1	10.000000	10
112	RPL10	10.000000	10
113	SCN1A	10.000000	10
114	SKI	10.000000	10
115	SLC2A1	10.000000	10
116	SLC32A1	10.000000	10
117	SPOP	10.000000	10
118	TRIM8	10.000000	10
119	TRIP12	10.000000	10
120	UFC1	10.000000	10
121	WDR26	10.000000	10
122	WDR83OS	10.000000	10
123	ZIC2	10.000000	10
124	ZNF292	10.000000	10
125	AARS1	9.000000	9
126	AFF3	9.000000	9
127	APC2	9.000000	9
128	ARID1A	9.000000	9
129	ARX	9.000000	9
130	ASH1L	9.000000	9
131	ASXL1	9.000000	9
132	ATXN7L3	9.000000	9
133	BBS2	9.000000	9
134	CAMTA1	9.000000	9
135	CASK	9.000000	9
136	CDK10	9.000000	9
137	CDON	9.000000	9
138	CLP1	9.000000	9
139	COG1	9.000000	9
140	CTBP1	9.000000	9
141	DLK1	9.000000	9
142	DLL1	9.000000	9
143	EXT2	9.000000	9
144	EXTL3	9.000000	9
145	FEM1B	9.000000	9
146	FGF8	9.000000	9
147	FMR1	9.000000	9
148	FOXG1	9.000000	9
149	GABRD	9.000000	9
150	GJA1	9.000000	9
151	GRIN1	9.000000	9
152	H3-3A	9.000000	9
153	H4C5	9.000000	9
154	HUWE1	9.000000	9
155	IFT140	9.000000	9
156	IFT74	9.000000	9
157	IGF1R	9.000000	9
158	KAT6B	9.000000	9
159	KCNK3	9.000000	9
160	KMT2B	9.000000	9
161	LRRC7	9.000000	9
162	MECP2	9.000000	9
163	MEG3	9.000000	9
164	MID1	9.000000	9
165	MYT1L	9.000000	9
166	NOTCH3	9.000000	9
167	NPHP1	9.000000	9
168	PACS2	9.000000	9
169	PDE4D	9.000000	9
170	PHIP	9.000000	9
171	PIEZO2	9.000000	9
172	PIGN	9.000000	9
173	POR	9.000000	9
174	PPM1D	9.000000	9
175	PPP1CB	9.000000	9
176	PSMD12	9.000000	9
177	RHOBTB2	9.000000	9
178	RTL1	9.000000	9
179	SCN2A	9.000000	9
180	SDHB	9.000000	9
181	SETD5	9.000000	9
182	SGSM3	9.000000	9
183	SLC25A24	9.000000	9
184	SLC35C1	9.000000	9
185	SMARCA4	9.000000	9
186	SMARCB1	9.000000	9
187	SOX4	9.000000	9
188	TBCK	9.000000	9
189	TLK2	9.000000	9
190	TMEM94	9.000000	9
191	TRRAP	9.000000	9
192	UBR5	9.000000	9
193	UGGT1	9.000000	9
194	USP9X	9.000000	9
195	WARS2	9.000000	9
196	ZMYM2	9.000000	9
197	ZNF699	9.000000	9
198	ACTB	8.000000	8
199	ACTL6B	8.000000	8
200	ADAMTSL2	8.000000	8
201	ADAT3	8.000000	8
202	ADSL	8.000000	8
203	AGO1	8.000000	8
204	B3GLCT	8.000000	8
205	BAZ1B	8.000000	8
206	BCL11B	8.000000	8
207	BMP4	8.000000	8
208	BUD23	8.000000	8
209	CASZ1	8.000000	8
210	CDC42	8.000000	8
211	CDH2	8.000000	8
212	CHD7	8.000000	8
213	CHD8	8.000000	8
214	CHMP1A	8.000000	8
215	CLIP2	8.000000	8
216	CRIPTO	8.000000	8
217	CTNNB1	8.000000	8
218	DDX3X	8.000000	8
219	DISP1	8.000000	8
220	DNAJC30	8.000000	8
221	DNMT3A	8.000000	8
222	EIF4A2	8.000000	8
223	EIF4H	8.000000	8
224	EIF5A	8.000000	8
225	FAR1	8.000000	8
226	FBXO28	8.000000	8
227	FGFR2	8.000000	8
228	FKBP6	8.000000	8
229	FOXH1	8.000000	8
230	FRA10AC1	8.000000	8
231	FRYL	8.000000	8
232	GAS1	8.000000	8
233	GLI2	8.000000	8
234	GNB2	8.000000	8
235	GTF2I	8.000000	8
236	GTF2IRD1	8.000000	8
237	GTF2IRD2	8.000000	8
238	GTF3C3	8.000000	8
239	HDAC4	8.000000	8
240	HNRNPH2	8.000000	8
241	IFT27	8.000000	8
242	KATNB1	8.000000	8
243	KCNAB2	8.000000	8
244	KDM1A	8.000000	8
245	KDM4B	8.000000	8
246	KICS2	8.000000	8
247	KIF15	8.000000	8
248	LIG4	8.000000	8
249	LIMK1	8.000000	8
250	LUZP1	8.000000	8
251	MCTP2	8.000000	8
252	MEIS2	8.000000	8
253	METTL27	8.000000	8
254	MLXIPL	8.000000	8
255	MMP23B	8.000000	8
256	MSL2	8.000000	8
257	NAA10	8.000000	8
258	NAV3	8.000000	8
259	NCF1	8.000000	8
260	NF1	8.000000	8
261	NODAL	8.000000	8
262	NONO	8.000000	8
263	OCRL	8.000000	8
264	PCGF2	8.000000	8
265	PDPN	8.000000	8
266	PIGA	8.000000	8
267	PIGO	8.000000	8
268	PIGV	8.000000	8
269	PIK3CA	8.000000	8
270	PPP2R5C	8.000000	8
271	PPP2R5D	8.000000	8
272	PRDM16	8.000000	8
273	PRKCZ	8.000000	8
274	PTEN	8.000000	8
275	PYCR1	8.000000	8
276	PYCR2	8.000000	8
277	QRICH1	8.000000	8
278	RAB3GAP2	8.000000	8
279	RAC1	8.000000	8
280	RAP1B	8.000000	8
281	RFC2	8.000000	8
282	RFX7	8.000000	8
283	SATB1	8.000000	8
284	SHANK3	8.000000	8
285	SHH	8.000000	8
286	SIX3	8.000000	8
287	SLC26A2	8.000000	8
288	SMARCC2	8.000000	8
289	SMARCE1	8.000000	8
290	SNX14	8.000000	8
291	SOX11	8.000000	8
292	SRRM2	8.000000	8
293	STX1A	8.000000	8
294	SUPT16H	8.000000	8
295	SYNGAP1	8.000000	8
296	TAF4	8.000000	8
297	TBC1D32	8.000000	8
298	TBL2	8.000000	8
299	TCF20	8.000000	8
300	TGIF1	8.000000	8
301	TM2D3	8.000000	8
302	TMCO1	8.000000	8
303	TMEM147	8.000000	8
304	TMEM270	8.000000	8
305	TRA2B	8.000000	8
306	TRAF7	8.000000	8
307	UBE3B	8.000000	8
308	UBE4B	8.000000	8
309	UNC80	8.000000	8
310	VPS37D	8.000000	8
311	WDR4	8.000000	8
312	XYLT1	8.000000	8
313	ZBTB20	8.000000	8
314	ZSWIM6	8.000000	8
315	ALDH18A1	7.000000	7
316	ALG12	7.000000	7
317	ALG13	7.000000	7
318	AP1G1	7.000000	7
319	AP2M1	7.000000	7
320	ARL6	7.000000	7
321	ATN1	7.000000	7
322	ATP1A3	7.000000	7
323	ATP6V0A2	7.000000	7
324	ATP6V1E1	7.000000	7
325	ATP7A	7.000000	7
326	AUTS2	7.000000	7
327	BBIP1	7.000000	7
328	BBS1	7.000000	7
329	BBS10	7.000000	7
330	BBS12	7.000000	7
331	BBS4	7.000000	7
332	BBS5	7.000000	7
333	BBS7	7.000000	7
334	BBS9	7.000000	7
335	BMP2	7.000000	7
336	BPTF	7.000000	7
337	BRCA1	7.000000	7
338	BRCA2	7.000000	7
339	CACNA1A	7.000000	7
340	CACNA1C	7.000000	7
341	CBL	7.000000	7
342	CCNK	7.000000	7
343	CDK19	7.000000	7
344	CEP19	7.000000	7
345	CFAP418	7.000000	7
346	CHASERR	7.000000	7
347	CHD2	7.000000	7
348	CIT	7.000000	7
349	CLTC	7.000000	7
350	COL2A1	7.000000	7
351	CSPP1	7.000000	7
352	DEPDC5	7.000000	7
353	DOCK7	7.000000	7
354	DPYD	7.000000	7
355	DPYSL5	7.000000	7
356	EMILIN1	7.000000	7
357	ERF	7.000000	7
358	FBXO22	7.000000	7
359	FDXR	7.000000	7
360	FGD1	7.000000	7
361	FLI1	7.000000	7
362	FLNA	7.000000	7
363	FOXP1	7.000000	7
364	FOXP2	7.000000	7
365	GABBR2	7.000000	7
366	GALNT2	7.000000	7
367	GBA1	7.000000	7
368	GMNN	7.000000	7
369	GNPTAB	7.000000	7
370	GON4L	7.000000	7
371	HECTD4	7.000000	7
372	HERC2	7.000000	7
373	HK1	7.000000	7
374	HMGA2	7.000000	7
375	HNRNPC	7.000000	7
376	HRAS	7.000000	7
377	IFT172	7.000000	7
378	JAG1	7.000000	7
379	KIAA0753	7.000000	7
380	KRAS	7.000000	7
381	LETM1	7.000000	7
382	LTBP3	7.000000	7
383	LZTFL1	7.000000	7
384	MAB21L1	7.000000	7
385	MADD	7.000000	7
386	MAP3K7	7.000000	7
387	MAPRE2	7.000000	7
388	MED13	7.000000	7
389	MED25	7.000000	7
390	MEF2C	7.000000	7
391	MKKS	7.000000	7
392	MOCS3	7.000000	7
393	NGLY1	7.000000	7
394	NOTCH2	7.000000	7
395	NXN	7.000000	7
396	OCA2	7.000000	7
397	OFD1	7.000000	7
398	PAH	7.000000	7
399	PAK3	7.000000	7
400	PARS2	7.000000	7
401	PGAP2	7.000000	7
402	PGM2L1	7.000000	7
403	PIGQ	7.000000	7
404	PIGY	7.000000	7
405	PLCH1	7.000000	7
406	PMM2	7.000000	7
407	POLR1A	7.000000	7
408	POLR3A	7.000000	7
409	POU4F1	7.000000	7
410	PPP1R15B	7.000000	7
411	PPP2R1A	7.000000	7
412	PPP3CA	7.000000	7
413	RLIM	7.000000	7
414	ROR2	7.000000	7
415	RUSC2	7.000000	7
416	SCAF4	7.000000	7
417	SCAPER	7.000000	7
418	SCLT1	7.000000	7
419	SDCCAG8	7.000000	7
420	SDHD	7.000000	7
421	SEMA3E	7.000000	7
422	SETD1A	7.000000	7
423	SLC6A1	7.000000	7
424	SLC9A6	7.000000	7
425	SMAD4	7.000000	7
426	SMG9	7.000000	7
427	SPART	7.000000	7
428	SPECC1L	7.000000	7
429	SPOUT1	7.000000	7
430	STAG1	7.000000	7
431	STIL	7.000000	7
432	SYNJ1	7.000000	7
433	SYT1	7.000000	7
434	TBCB	7.000000	7
435	TBCE	7.000000	7
436	TBL1XR1	7.000000	7
437	TBX4	7.000000	7
438	TCF4	7.000000	7
439	TET3	7.000000	7
440	THOC2	7.000000	7
441	TMEM216	7.000000	7
442	TMEM231	7.000000	7
443	TOR1A	7.000000	7
444	TRAPPC9	7.000000	7
445	TRIM32	7.000000	7
446	TRMT10A	7.000000	7
447	TRPM3	7.000000	7
448	TTC5	7.000000	7
449	TTC8	7.000000	7
450	UBE3A	7.000000	7
451	VPS35L	7.000000	7
452	WARS1	7.000000	7
453	WDPCP	7.000000	7
454	YY1	7.000000	7
455	ZBTB18	7.000000	7
456	ZEB2	7.000000	7
457	ZMIZ1	7.000000	7
458	ZRSR2	7.000000	7
459	ABCC9	6.000000	6
460	ACSL4	6.000000	6
461	AFG2A	6.000000	6
462	AGA	6.000000	6
463	ALG9	6.000000	6
464	AMOTL1	6.000000	6
465	AP3B2	6.000000	6
466	ASXL2	6.000000	6
467	ATP1A2	6.000000	6
468	ATP9A	6.000000	6
469	BAIAP2	6.000000	6
470	BAP1	6.000000	6
471	BCAS3	6.000000	6
472	BCL11A	6.000000	6
473	BRF1	6.000000	6
474	BUB1B	6.000000	6
475	CACNA1B	6.000000	6
476	CACNA1E	6.000000	6
477	CAMK2B	6.000000	6
478	CARS1	6.000000	6
479	CCDC47	6.000000	6
480	CCT3	6.000000	6
481	CELF2	6.000000	6
482	CEP295	6.000000	6
483	CHAMP1	6.000000	6
484	CHRNA7	6.000000	6
485	CHRNG	6.000000	6
486	CHST14	6.000000	6
487	CILK1	6.000000	6
488	CLCN4	6.000000	6
489	CLPB	6.000000	6
490	CNKSR2	6.000000	6
491	COG8	6.000000	6
492	CPAP	6.000000	6
493	CUL4B	6.000000	6
494	CUL7	6.000000	6
495	DCPS	6.000000	6
496	DDB1	6.000000	6
497	DHDDS	6.000000	6
498	DHX30	6.000000	6
499	DNM1	6.000000	6
500	DOCK6	6.000000	6
501	DSE	6.000000	6
502	DVL1	6.000000	6
503	DYNC1I2	6.000000	6
504	ESAM	6.000000	6
505	EXOSC2	6.000000	6
506	EXT1	6.000000	6
507	FANCF	6.000000	6
508	FGF12	6.000000	6
509	FGFR3	6.000000	6
510	FGFRL1	6.000000	6
511	FH	6.000000	6
512	FILIP1	6.000000	6
513	FLCN	6.000000	6
514	FREM1	6.000000	6
515	FTSJ1	6.000000	6
516	FZD2	6.000000	6
517	FZR1	6.000000	6
518	GABRG2	6.000000	6
519	GATAD2B	6.000000	6
520	GLI3	6.000000	6
521	GNAI1	6.000000	6
522	GNAO1	6.000000	6
523	GNAS	6.000000	6
524	GNE	6.000000	6
525	GRIA1	6.000000	6
526	GRIK2	6.000000	6
527	HCN1	6.000000	6
528	HECW2	6.000000	6
529	HNRNPK	6.000000	6
530	HS2ST1	6.000000	6
531	INPP4A	6.000000	6
532	INTS11	6.000000	6
533	IPW	6.000000	6
534	IRX5	6.000000	6
535	ITPR3	6.000000	6
536	JARID2	6.000000	6
537	KANSL1	6.000000	6
538	KCNA1	6.000000	6
539	KCNK4	6.000000	6
540	KCNMA1	6.000000	6
541	KDM5A	6.000000	6
542	KDM5C	6.000000	6
543	KIAA0586	6.000000	6
544	KIF11	6.000000	6
545	KIF14	6.000000	6
546	KMT2C	6.000000	6
547	KNL1	6.000000	6
548	KPTN	6.000000	6
549	LEMD3	6.000000	6
550	LMNA	6.000000	6
551	LMNB1	6.000000	6
552	LMNB2	6.000000	6
553	LONP1	6.000000	6
554	LRP5	6.000000	6
555	LSS	6.000000	6
556	MAN1B1	6.000000	6
557	MAP1B	6.000000	6
558	MARS1	6.000000	6
559	MED27	6.000000	6
560	MEGF8	6.000000	6
561	MGAT2	6.000000	6
562	MKRN3	6.000000	6
563	MRAS	6.000000	6
564	MSL3	6.000000	6
565	MTOR	6.000000	6
566	MYCN	6.000000	6
567	MYMK	6.000000	6
568	MYMX	6.000000	6
569	NEDD4L	6.000000	6
570	NELFA	6.000000	6
571	NEUROD2	6.000000	6
572	NFIB	6.000000	6
573	NPAP1	6.000000	6
574	NR4A2	6.000000	6
575	NRAS	6.000000	6
576	NUS1	6.000000	6
577	ODC1	6.000000	6
578	OTUD5	6.000000	6
579	PDHA1	6.000000	6
580	PEX1	6.000000	6
581	PEX2	6.000000	6
582	PEX5	6.000000	6
583	PI4KA	6.000000	6
584	PIGP	6.000000	6
585	PIGW	6.000000	6
586	PIK3CD	6.000000	6
587	PIK3R1	6.000000	6
588	PRKAR1A	6.000000	6
589	PRKAR1B	6.000000	6
590	PRR12	6.000000	6
591	PUM1	6.000000	6
592	PURA	6.000000	6
593	PWAR1	6.000000	6
594	PWRN1	6.000000	6
595	RALA	6.000000	6
596	RBSN	6.000000	6
597	RMRP	6.000000	6
598	RPS6KA3	6.000000	6
599	RSPRY1	6.000000	6
600	SCN1B	6.000000	6
601	SCN8A	6.000000	6
602	SEC23A	6.000000	6
603	SETD2	6.000000	6
604	SH2B1	6.000000	6
605	SHMT2	6.000000	6
606	SIK1	6.000000	6
607	SIM1	6.000000	6
608	SLC12A2	6.000000	6
609	SLC1A4	6.000000	6
610	SLC25A12	6.000000	6
611	SLC38A3	6.000000	6
612	SLC4A10	6.000000	6
613	SLX4	6.000000	6
614	SMS	6.000000	6
615	SNORD115-1	6.000000	6
616	SNORD116-1	6.000000	6
617	SRPX2	6.000000	6
618	STAT3	6.000000	6
619	STXBP1	6.000000	6
620	SUFU	6.000000	6
621	TANC2	6.000000	6
622	TASP1	6.000000	6
623	TBC1D20	6.000000	6
624	TBCD	6.000000	6
625	TCTN3	6.000000	6
626	TELO2	6.000000	6
627	TFAP2A	6.000000	6
628	TFE3	6.000000	6
629	TMEM70	6.000000	6
630	TMTC3	6.000000	6
631	TNRC6B	6.000000	6
632	TONSL	6.000000	6
633	TRAPPC10	6.000000	6
634	TRPS1	6.000000	6
635	TWIST1	6.000000	6
636	TWIST2	6.000000	6
637	UBE2A	6.000000	6
638	UGP2	6.000000	6
639	USP7	6.000000	6
640	VPS13B	6.000000	6
641	VPS51	6.000000	6
642	WDR73	6.000000	6
643	WNT5A	6.000000	6
644	YWHAG	6.000000	6
645	ZC4H2	6.000000	6
646	ZIC1	6.000000	6
647	ZMYM3	6.000000	6
648	ACTG1	5.000000	5
649	ADAR	5.000000	5
650	ADARB1	5.000000	5
651	ADGRG1	5.000000	5
652	AFF2	5.000000	5
653	AGO2	5.000000	5
654	AIFM1	5.000000	5
655	AKT1	5.000000	5
656	ALDH6A1	5.000000	5
657	ALG8	5.000000	5
658	ALMS1	5.000000	5
659	ALX4	5.000000	5
660	AMER1	5.000000	5
661	AMMECR1	5.000000	5
662	AP1S2	5.000000	5
663	AP3B1	5.000000	5
664	AP4B1	5.000000	5
665	AP4S1	5.000000	5
666	ARCN1	5.000000	5
667	ARHGEF2	5.000000	5
668	ARNT2	5.000000	5
669	ASPM	5.000000	5
670	ATP6V0A1	5.000000	5
671	BCOR	5.000000	5
672	BCORL1	5.000000	5
673	BCR	5.000000	5
674	BRAT1	5.000000	5
675	BRIP1	5.000000	5
676	CACNA1G	5.000000	5
677	CACNA2D1	5.000000	5
678	CANT1	5.000000	5
679	CAPRIN1	5.000000	5
680	CASP2	5.000000	5
681	CC2D2A	5.000000	5
682	CCDC22	5.000000	5
683	CCDC8	5.000000	5
684	CD96	5.000000	5
685	CDC6	5.000000	5
686	CEP152	5.000000	5
687	CHD3	5.000000	5
688	CHST3	5.000000	5
689	CNOT3	5.000000	5
690	COG3	5.000000	5
691	COG5	5.000000	5
692	COL11A2	5.000000	5
693	CRKL	5.000000	5
694	CTNNA2	5.000000	5
695	CUL3	5.000000	5
696	CWC27	5.000000	5
697	CYFIP2	5.000000	5
698	DALRD3	5.000000	5
699	DEAF1	5.000000	5
700	DHCR24	5.000000	5
701	DHX9	5.000000	5
702	DLL3	5.000000	5
703	DMPK	5.000000	5
704	DMXL2	5.000000	5
705	DNAJC21	5.000000	5
706	DOLK	5.000000	5
707	DPH2	5.000000	5
708	DPYS	5.000000	5
709	DVL3	5.000000	5
710	DYM	5.000000	5
711	EDEM3	5.000000	5
712	EEF1A2	5.000000	5
713	EEFSEC	5.000000	5
714	EFTUD2	5.000000	5
715	EIF2S3	5.000000	5
716	ERCC2	5.000000	5
717	ERCC6	5.000000	5
718	ERI1	5.000000	5
719	ESCO2	5.000000	5
720	EZH2	5.000000	5
721	FAM20C	5.000000	5
722	FANCA	5.000000	5
723	FANCC	5.000000	5
724	FANCD2	5.000000	5
725	FANCE	5.000000	5
726	FANCI	5.000000	5
727	FBXL3	5.000000	5
728	FBXL4	5.000000	5
729	FBXO31	5.000000	5
730	FBXW7	5.000000	5
731	FGF13	5.000000	5
732	FGF3	5.000000	5
733	FLNB	5.000000	5
734	GABRA2	5.000000	5
735	GABRA5	5.000000	5
736	GABRB2	5.000000	5
737	GAD1	5.000000	5
738	GATA6	5.000000	5
739	GLB1	5.000000	5
740	GLYCTK	5.000000	5
741	GNB1	5.000000	5
742	GNS	5.000000	5
743	GPC3	5.000000	5
744	GPC4	5.000000	5
745	GRB10	5.000000	5
746	GRIN2A	5.000000	5
747	GRIN2D	5.000000	5
748	GRM7	5.000000	5
749	GTPBP2	5.000000	5
750	HEATR3	5.000000	5
751	HES7	5.000000	5
752	HNRNPU	5.000000	5
753	HPDL	5.000000	5
754	IARS1	5.000000	5
755	IFIH1	5.000000	5
756	INPP5E	5.000000	5
757	INPPL1	5.000000	5
758	INSR	5.000000	5
759	INTS1	5.000000	5
760	IPO8	5.000000	5
761	ITPR1	5.000000	5
762	KCNA2	5.000000	5
763	KCNB1	5.000000	5
764	KCNC2	5.000000	5
765	KCNH5	5.000000	5
766	KCNJ2	5.000000	5
767	KCNN2	5.000000	5
768	KCNN3	5.000000	5
769	KDM3B	5.000000	5
770	KIFBP	5.000000	5
771	KIT	5.000000	5
772	KNSTRN	5.000000	5
773	LAGE3	5.000000	5
774	LBR	5.000000	5
775	LFNG	5.000000	5
776	LGI1	5.000000	5
777	LMX1B	5.000000	5
778	LRPPRC	5.000000	5
779	LZTR1	5.000000	5
780	MACF1	5.000000	5
781	MAF	5.000000	5
782	MAN2B1	5.000000	5
783	MAP2K1	5.000000	5
784	MARS2	5.000000	5
785	MASP1	5.000000	5
786	MBOAT7	5.000000	5
787	MED13L	5.000000	5
788	MESD	5.000000	5
789	MESP2	5.000000	5
790	MFSD2A	5.000000	5
791	MPLKIP	5.000000	5
792	MPV17	5.000000	5
793	NARS1	5.000000	5
794	NDC1	5.000000	5
795	NDUFA1	5.000000	5
796	NECAP1	5.000000	5
797	NKX2-5	5.000000	5
798	NRCAM	5.000000	5
799	NSRP1	5.000000	5
800	NTNG1	5.000000	5
801	NTRK2	5.000000	5
802	NUP107	5.000000	5
803	OBSL1	5.000000	5
804	OGT	5.000000	5
805	OPHN1	5.000000	5
806	ORC6	5.000000	5
807	OSGEP	5.000000	5
808	PAFAH1B1	5.000000	5
809	PALB2	5.000000	5
810	PAX3	5.000000	5
811	PDE6D	5.000000	5
812	PDGFRB	5.000000	5
813	PEX16	5.000000	5
814	PEX6	5.000000	5
815	PGBD5	5.000000	5
816	PHGDH	5.000000	5
817	PIGF	5.000000	5
818	PIGL	5.000000	5
819	PIGS	5.000000	5
820	PLAA	5.000000	5
821	PLK4	5.000000	5
822	PLP1	5.000000	5
823	PLPBP	5.000000	5
824	PNKP	5.000000	5
825	POLA1	5.000000	5
826	POLD1	5.000000	5
827	POLG	5.000000	5
828	POLR2A	5.000000	5
829	POLRMT	5.000000	5
830	POMT1	5.000000	5
831	PPP1R21	5.000000	5
832	PPP2CA	5.000000	5
833	PQBP1	5.000000	5
834	PROKR2	5.000000	5
835	PRORP	5.000000	5
836	PTDSS1	5.000000	5
837	PTH1R	5.000000	5
838	PUS7	5.000000	5
839	RAB18	5.000000	5
840	RAB3GAP1	5.000000	5
841	RAD51	5.000000	5
842	RAD51C	5.000000	5
843	RAP1GDS1	5.000000	5
844	RB1	5.000000	5
845	RET	5.000000	5
846	RIPK4	5.000000	5
847	RIPPLY2	5.000000	5
848	RNF113A	5.000000	5
849	RNF125	5.000000	5
850	RNF2	5.000000	5
851	RORA	5.000000	5
852	RPGRIP1L	5.000000	5
853	RPS19	5.000000	5
854	RPS20	5.000000	5
855	RRM2B	5.000000	5
856	RSRC1	5.000000	5
857	SC5D	5.000000	5
858	SCN3A	5.000000	5
859	SCN9A	5.000000	5
860	SCO2	5.000000	5
861	SDHC	5.000000	5
862	SEL1L	5.000000	5
863	SET	5.000000	5
864	SETD1B	5.000000	5
865	SF3B4	5.000000	5
866	SH3PXD2B	5.000000	5
867	SHOC2	5.000000	5
868	SHQ1	5.000000	5
869	SIK3	5.000000	5
870	SKIC3	5.000000	5
871	SLC13A5	5.000000	5
872	SLC1A2	5.000000	5
873	SLC25A22	5.000000	5
874	SLC35A2	5.000000	5
875	SLC6A8	5.000000	5
876	SLC9A7	5.000000	5
877	SMO	5.000000	5
878	SNRPB	5.000000	5
879	SON	5.000000	5
880	SOX5	5.000000	5
881	SPTAN1	5.000000	5
882	STT3A	5.000000	5
883	SVBP	5.000000	5
884	SYNE1	5.000000	5
885	SZT2	5.000000	5
886	TAF6	5.000000	5
887	TAOK1	5.000000	5
888	TBC1D23	5.000000	5
889	TBR1	5.000000	5
890	TBX6	5.000000	5
891	TCEAL1	5.000000	5
892	TCF12	5.000000	5
893	TCTN2	5.000000	5
894	TERT	5.000000	5
895	TGFBR2	5.000000	5
896	THUMPD1	5.000000	5
897	TMEM237	5.000000	5
898	TMEM67	5.000000	5
899	TNPO2	5.000000	5
900	TOE1	5.000000	5
901	TOGARAM1	5.000000	5
902	TP53RK	5.000000	5
903	TPRKB	5.000000	5
904	TRAK1	5.000000	5
905	TSEN15	5.000000	5
906	TTI2	5.000000	5
907	TUBA1A	5.000000	5
908	TUBB	5.000000	5
909	TUBB3	5.000000	5
910	UBA5	5.000000	5
911	UBE2T	5.000000	5
912	UFSP2	5.000000	5
913	VAC14	5.000000	5
914	WASF1	5.000000	5
915	WASHC4	5.000000	5
916	WASHC5	5.000000	5
917	WBP4	5.000000	5
918	WDR11	5.000000	5
919	WDR35	5.000000	5
920	WDR62	5.000000	5
921	WLS	5.000000	5
922	WWOX	5.000000	5
923	ZNF407	5.000000	5
924	ZNF462	5.000000	5
925	AASS	4.000000	4
926	ABCB7	4.000000	4
927	ABCC8	4.000000	4
928	ACBD6	4.000000	4
929	ADAMTS3	4.000000	4
930	ADCY5	4.000000	4
931	ADGRG6	4.000000	4
932	ADGRL1	4.000000	4
933	AIMP2	4.000000	4
934	ALAD	4.000000	4
935	ALDH4A1	4.000000	4
936	ALDH5A1	4.000000	4
937	ALG1	4.000000	4
938	ALG11	4.000000	4
939	ALG14	4.000000	4
940	ALG2	4.000000	4
941	AMFR	4.000000	4
942	AMPD2	4.000000	4
943	ANK3	4.000000	4
944	ANKRD17	4.000000	4
945	ANTXR1	4.000000	4
946	AP4E1	4.000000	4
947	APC	4.000000	4
948	ARL13B	4.000000	4
949	ARMC9	4.000000	4
950	ASNS	4.000000	4
951	ATM	4.000000	4
952	ATP5F1A	4.000000	4
953	B9D1	4.000000	4
954	B9D2	4.000000	4
955	BCKDK	4.000000	4
956	BIN1	4.000000	4
957	BLM	4.000000	4
958	BLTP1	4.000000	4
959	BMPR1A	4.000000	4
960	BRPF1	4.000000	4
961	BUB1	4.000000	4
962	C12orf57	4.000000	4
963	C2CD3	4.000000	4
964	CAMK2A	4.000000	4
965	CAMK2G	4.000000	4
966	CARS2	4.000000	4
967	CDCA7	4.000000	4
968	CENPE	4.000000	4
969	CEP120	4.000000	4
970	CEP57	4.000000	4
971	CEP63	4.000000	4
972	CERT1	4.000000	4
973	CHD5	4.000000	4
974	CHKA	4.000000	4
975	CHRNA1	4.000000	4
976	CHRND	4.000000	4
977	CHSY1	4.000000	4
978	CIC	4.000000	4
979	CLCN7	4.000000	4
980	CNOT2	4.000000	4
981	COG4	4.000000	4
982	COG6	4.000000	4
983	COL11A1	4.000000	4
984	COL1A1	4.000000	4
985	COL1A2	4.000000	4
986	COL3A1	4.000000	4
987	COPB1	4.000000	4
988	COX7B	4.000000	4
989	CPLANE1	4.000000	4
990	CPSF3	4.000000	4
991	CRLF1	4.000000	4
992	CSGALNACT1	4.000000	4
993	CTNND2	4.000000	4
994	CUX1	4.000000	4
995	DAG1	4.000000	4
996	DDC	4.000000	4
997	DDX59	4.000000	4
998	DDX6	4.000000	4
999	DHPS	4.000000	4
1000	DHTKD1	4.000000	4
1001	DLAT	4.000000	4
1002	DNAAF4	4.000000	4
1003	DONSON	4.000000	4
1004	DPAGT1	4.000000	4
1005	DPP9	4.000000	4
1006	DYNC1H1	4.000000	4
1007	EBP	4.000000	4
1008	EFEMP2	4.000000	4
1009	EFNB1	4.000000	4
1010	EIF2AK3	4.000000	4
1011	EMC1	4.000000	4
1012	EMC10	4.000000	4
1013	EPB41L1	4.000000	4
1014	EPG5	4.000000	4
1015	ERCC3	4.000000	4
1016	ERCC4	4.000000	4
1017	ERCC8	4.000000	4
1018	ERLIN2	4.000000	4
1019	ERMARD	4.000000	4
1020	EXOC2	4.000000	4
1021	FAAP100	4.000000	4
1022	FAM111A	4.000000	4
1023	FAM149B1	4.000000	4
1024	FAM177A1	4.000000	4
1025	FANCB	4.000000	4
1026	FANCG	4.000000	4
1027	FANCL	4.000000	4
1028	FANCM	4.000000	4
1029	FBXW11	4.000000	4
1030	FKRP	4.000000	4
1031	FKTN	4.000000	4
1032	FLVCR1	4.000000	4
1033	FRMD4A	4.000000	4
1034	FRMPD4	4.000000	4
1035	FTO	4.000000	4
1036	GABBR1	4.000000	4
1037	GABRA1	4.000000	4
1038	GALT	4.000000	4
1039	GATA4	4.000000	4
1040	GATM	4.000000	4
1041	GLIS3	4.000000	4
1042	GNB5	4.000000	4
1043	GORAB	4.000000	4
1044	GPAA1	4.000000	4
1045	GRIA2	4.000000	4
1046	GRIA4	4.000000	4
1047	GRIN2B	4.000000	4
1048	GRIP1	4.000000	4
1049	GTF2E2	4.000000	4
1050	GTF2H4	4.000000	4
1051	GTF2H5	4.000000	4
1052	H3-3B	4.000000	4
1053	H4C11	4.000000	4
1054	HACE1	4.000000	4
1055	HBA1	4.000000	4
1056	HBA2	4.000000	4
1057	HEPACAM	4.000000	4
1058	HESX1	4.000000	4
1059	HHAT	4.000000	4
1060	HMBS	4.000000	4
1061	HNRNPH1	4.000000	4
1062	IFT43	4.000000	4
1063	IGF2	4.000000	4
1064	IKZF2	4.000000	4
1065	IL1RAPL1	4.000000	4
1066	IQSEC1	4.000000	4
1067	JPH1	4.000000	4
1068	KARS1	4.000000	4
1069	KCNA4	4.000000	4
1070	KCNJ11	4.000000	4
1071	KCNJ8	4.000000	4
1072	KCNT1	4.000000	4
1073	KDM5B	4.000000	4
1074	KIF1A	4.000000	4
1075	KIF21A	4.000000	4
1076	KIF5C	4.000000	4
1077	KIF7	4.000000	4
1078	KLF13	4.000000	4
1079	KLHL15	4.000000	4
1080	KMT5B	4.000000	4
1081	LARGE1	4.000000	4
1082	LAS1L	4.000000	4
1083	LIFR	4.000000	4
1084	LRRC8C	4.000000	4
1085	LTBP4	4.000000	4
1086	MAD2L2	4.000000	4
1087	MAN2B2	4.000000	4
1088	MAP2K2	4.000000	4
1089	MDH2	4.000000	4
1090	METTL23	4.000000	4
1091	MICU1	4.000000	4
1092	MINPP1	4.000000	4
1093	MIR17HG	4.000000	4
1094	MLYCD	4.000000	4
1095	MN1	4.000000	4
1096	MOCS1	4.000000	4
1097	MORC2	4.000000	4
1098	MRPS34	4.000000	4
1099	MSTO1	4.000000	4
1100	MT-ATP6	4.000000	4
1101	MT-ND1	4.000000	4
1102	MT-TL1	4.000000	4
1103	MUSK	4.000000	4
1104	MYH3	4.000000	4
1105	MYO18B	4.000000	4
1106	MYO9A	4.000000	4
1107	NACC1	4.000000	4
1108	NANS	4.000000	4
1109	NARS2	4.000000	4
1110	NBEA	4.000000	4
1111	NBN	4.000000	4
1112	NCAPD2	4.000000	4
1113	NCAPG2	4.000000	4
1114	NCDN	4.000000	4
1115	NDE1	4.000000	4
1116	NDP	4.000000	4
1117	NDST1	4.000000	4
1118	NECTIN1	4.000000	4
1119	NEK1	4.000000	4
1120	NFASC	4.000000	4
1121	NFIA	4.000000	4
1122	NIN	4.000000	4
1123	NIPA1	4.000000	4
1124	NIPA2	4.000000	4
1125	NKX2-1	4.000000	4
1126	NMNAT1	4.000000	4
1127	NOS3	4.000000	4
1128	NOVA2	4.000000	4
1129	NR2F1	4.000000	4
1130	NSDHL	4.000000	4
1131	NSUN6	4.000000	4
1132	NTNG2	4.000000	4
1133	NUDT2	4.000000	4
1134	NUP133	4.000000	4
1135	NUP54	4.000000	4
1136	OCLN	4.000000	4
1137	OPA1	4.000000	4
1138	ORC1	4.000000	4
1139	ORC4	4.000000	4
1140	PAK1	4.000000	4
1141	PARN	4.000000	4
1142	PCDH19	4.000000	4
1143	PCDHGC4	4.000000	4
1144	PCNT	4.000000	4
1145	PEX10	4.000000	4
1146	PEX11B	4.000000	4
1147	PEX12	4.000000	4
1148	PEX26	4.000000	4
1149	PEX3	4.000000	4
1150	PGAP1	4.000000	4
1151	PGM3	4.000000	4
1152	PHACTR1	4.000000	4
1153	PHF21A	4.000000	4
1154	PHF6	4.000000	4
1155	PHF8	4.000000	4
1156	PIGT	4.000000	4
1157	PLA2G6	4.000000	4
1158	POC1A	4.000000	4
1159	POLE	4.000000	4
1160	POLG2	4.000000	4
1161	POLR1B	4.000000	4
1162	POLR1C	4.000000	4
1163	POLR3B	4.000000	4
1164	POMT2	4.000000	4
1165	PORCN	4.000000	4
1166	POU1F1	4.000000	4
1167	PPOX	4.000000	4
1168	PRDM13	4.000000	4
1169	PRKACB	4.000000	4
1170	PRKDC	4.000000	4
1171	PRPS1	4.000000	4
1172	PRUNE1	4.000000	4
1173	PSPH	4.000000	4
1174	PTPMT1	4.000000	4
1175	PTPN11	4.000000	4
1176	PTRH2	4.000000	4
1177	PUS1	4.000000	4
1178	RAB11B	4.000000	4
1179	RAC3	4.000000	4
1180	RAF1	4.000000	4
1181	RBBP8	4.000000	4
1182	RBM10	4.000000	4
1183	RBMX	4.000000	4
1184	RBPJ	4.000000	4
1185	RECQL4	4.000000	4
1186	RELN	4.000000	4
1187	RFC4	4.000000	4
1188	RFWD3	4.000000	4
1189	RIC1	4.000000	4
1190	RNF135	4.000000	4
1191	RNU7-1	4.000000	4
1192	ROGDI	4.000000	4
1193	RPGRIP1	4.000000	4
1194	RPL11	4.000000	4
1195	RPS23	4.000000	4
1196	RTEL1	4.000000	4
1197	RTTN	4.000000	4
1198	RYR1	4.000000	4
1199	SALL1	4.000000	4
1200	SALL4	4.000000	4
1201	SCN4A	4.000000	4
1202	SCNM1	4.000000	4
1203	SCUBE3	4.000000	4
1204	SDHA	4.000000	4
1205	SELENOI	4.000000	4
1206	SEMA5A	4.000000	4
1207	SLC12A6	4.000000	4
1208	SLC16A2	4.000000	4
1209	SLC18A3	4.000000	4
1210	SLC25A1	4.000000	4
1211	SLC25A4	4.000000	4
1212	SLC25A46	4.000000	4
1213	SLC2A10	4.000000	4
1214	SLC6A17	4.000000	4
1215	SLC6A3	4.000000	4
1216	SLITRK2	4.000000	4
1217	SMC5	4.000000	4
1218	SMPD4	4.000000	4
1219	SNAI2	4.000000	4
1220	SOX2	4.000000	4
1221	SPRED2	4.000000	4
1222	SPTBN4	4.000000	4
1223	SPTSSA	4.000000	4
1224	STEEP1	4.000000	4
1225	SUCLA2	4.000000	4
1226	SUCLG1	4.000000	4
1227	SUPT7L	4.000000	4
1228	TAF8	4.000000	4
1229	TANGO2	4.000000	4
1230	TAPT1	4.000000	4
1231	TCTN1	4.000000	4
1232	TENM3	4.000000	4
1233	TGDS	4.000000	4
1234	TINF2	4.000000	4
1235	TMEM106B	4.000000	4
1236	TMEM138	4.000000	4
1237	TMEM163	4.000000	4
1238	TMEM222	4.000000	4
1239	TRAPPC11	4.000000	4
1240	TRAPPC14	4.000000	4
1241	TRAPPC6B	4.000000	4
1242	TREX1	4.000000	4
1243	TRIT1	4.000000	4
1244	TRMT1	4.000000	4
1245	TTI1	4.000000	4
1246	TUBG1	4.000000	4
1247	TUBGCP2	4.000000	4
1248	TUBGCP4	4.000000	4
1249	TUBGCP6	4.000000	4
1250	TWNK	4.000000	4
1251	UBR1	4.000000	4
1252	UBTF	4.000000	4
1253	UGDH	4.000000	4
1254	UPB1	4.000000	4
1255	UPF3B	4.000000	4
1256	VPS11	4.000000	4
1257	WDR37	4.000000	4
1258	WDR45	4.000000	4
1259	WFS1	4.000000	4
1260	XRCC2	4.000000	4
1261	XRCC4	4.000000	4
1262	YIF1B	4.000000	4
1263	YME1L1	4.000000	4
1264	ZBTB11	4.000000	4
1265	ZBTB7A	4.000000	4
1266	ZMYND11	4.000000	4
1267	ZNF711	4.000000	4
1268	ABCA2	3.000000	3
1269	ACADS	3.000000	3
1270	ACADSB	3.000000	3
1271	ACD	3.000000	3
1272	ACOX1	3.000000	3
1273	ACTA1	3.000000	3
1274	ACTG2	3.000000	3
1275	ADA2	3.000000	3
1276	ADH5	3.000000	3
1277	AGRN	3.000000	3
1278	AHI1	3.000000	3
1279	AHSG	3.000000	3
1280	ALOX12B	3.000000	3
1281	ALOXE3	3.000000	3
1282	ALX1	3.000000	3
1283	ALX3	3.000000	3
1284	AMN	3.000000	3
1285	ANK1	3.000000	3
1286	ANKLE2	3.000000	3
1287	AP4M1	3.000000	3
1288	ARFGEF2	3.000000	3
1289	ARHGAP31	3.000000	3
1290	ARL3	3.000000	3
1291	ARPC4	3.000000	3
1292	ARSL	3.000000	3
1293	ASPA	3.000000	3
1294	ATAD3A	3.000000	3
1295	ATG7	3.000000	3
1296	ATIC	3.000000	3
1297	ATP10A	3.000000	3
1298	ATR	3.000000	3
1299	ATRIP	3.000000	3
1300	B3GALT6	3.000000	3
1301	B4GALT1	3.000000	3
1302	BCAP31	3.000000	3
1303	BGN	3.000000	3
1304	BMP1	3.000000	3
1305	BUB3	3.000000	3
1306	CACNA1I	3.000000	3
1307	CBS	3.000000	3
1308	CC2D1A	3.000000	3
1309	CCBE1	3.000000	3
1310	CCDC28B	3.000000	3
1311	CCDC32	3.000000	3
1312	CCDC88A	3.000000	3
1313	CCND2	3.000000	3
1314	CCNQ	3.000000	3
1315	CDC45	3.000000	3
1316	CDK5RAP2	3.000000	3
1317	CDK6	3.000000	3
1318	CDKN1C	3.000000	3
1319	CDT1	3.000000	3
1320	CEP135	3.000000	3
1321	CEP55	3.000000	3
1322	CHKB	3.000000	3
1323	CHN1	3.000000	3
1324	CKAP2L	3.000000	3
1325	CLCN6	3.000000	3
1326	CLCNKB	3.000000	3
1327	CLDN11	3.000000	3
1328	CLIC2	3.000000	3
1329	CLN8	3.000000	3
1330	CNNM2	3.000000	3
1331	COASY	3.000000	3
1332	COG7	3.000000	3
1333	COL13A1	3.000000	3
1334	COL18A1	3.000000	3
1335	COL25A1	3.000000	3
1336	COL7A1	3.000000	3
1337	COPB2	3.000000	3
1338	COQ2	3.000000	3
1339	COX11	3.000000	3
1340	CPA6	3.000000	3
1341	CRBN	3.000000	3
1342	CRELD1	3.000000	3
1343	CRIPT	3.000000	3
1344	CRNKL1	3.000000	3
1345	CRTAP	3.000000	3
1346	CTU2	3.000000	3
1347	CUBN	3.000000	3
1348	CWF19L1	3.000000	3
1349	DARS2	3.000000	3
1350	DBR1	3.000000	3
1351	DCC	3.000000	3
1352	DCHS1	3.000000	3
1353	DCX	3.000000	3
1354	DDOST	3.000000	3
1355	DDR2	3.000000	3
1356	DDX11	3.000000	3
1357	DENND5A	3.000000	3
1358	DGCR2	3.000000	3
1359	DGCR6	3.000000	3
1360	DGCR8	3.000000	3
1361	DHRSX	3.000000	3
1362	DHX37	3.000000	3
1363	DICER1	3.000000	3
1364	DKC1	3.000000	3
1365	DLX4	3.000000	3
1366	DMD	3.000000	3
1367	DNA2	3.000000	3
1368	DNAJC19	3.000000	3
1369	DNAJC6	3.000000	3
1370	DNMT3B	3.000000	3
1371	DOCK3	3.000000	3
1372	DOHH	3.000000	3
1373	DOK7	3.000000	3
1374	DPH1	3.000000	3
1375	DPH5	3.000000	3
1376	DPM1	3.000000	3
1377	DPM2	3.000000	3
1378	DYNC2I2	3.000000	3
1379	DYNC2LI1	3.000000	3
1380	EED	3.000000	3
1381	EFL1	3.000000	3
1382	EIF2AK1	3.000000	3
1383	EIF2AK2	3.000000	3
1384	EIF3F	3.000000	3
1385	ERCC1	3.000000	3
1386	ERCC5	3.000000	3
1387	ESS2	3.000000	3
1388	EVC	3.000000	3
1389	EVC2	3.000000	3
1390	EXOSC1	3.000000	3
1391	EXOSC5	3.000000	3
1392	EXOSC9	3.000000	3
1393	FARSB	3.000000	3
1394	FASTKD5	3.000000	3
1395	FAT4	3.000000	3
1396	FBLN1	3.000000	3
1397	FBLN5	3.000000	3
1398	FERRY3	3.000000	3
1399	FIBP	3.000000	3
1400	FLT4	3.000000	3
1401	FOXE1	3.000000	3
1402	FOXRED1	3.000000	3
1403	FRAS1	3.000000	3
1404	FREM2	3.000000	3
1405	FRMD5	3.000000	3
1406	FRRS1L	3.000000	3
1407	FTCD	3.000000	3
1408	FTH1	3.000000	3
1409	FUCA1	3.000000	3
1410	FUS	3.000000	3
1411	FUT8	3.000000	3
1412	GABRA3	3.000000	3
1413	GABRB3	3.000000	3
1414	GALE	3.000000	3
1415	GAMT	3.000000	3
1416	GATA1	3.000000	3
1417	GCLC	3.000000	3
1418	GCSH	3.000000	3
1419	GDF6	3.000000	3
1420	GEMIN4	3.000000	3
1421	GET4	3.000000	3
1422	GFM2	3.000000	3
1423	GJB3	3.000000	3
1424	GJB4	3.000000	3
1425	GLE1	3.000000	3
1426	GLI1	3.000000	3
1427	GLRA2	3.000000	3
1428	GLS	3.000000	3
1429	GMPPA	3.000000	3
1430	GMPPB	3.000000	3
1431	GNAQ	3.000000	3
1432	GNPAT	3.000000	3
1433	GNPNAT1	3.000000	3
1434	GON7	3.000000	3
1435	GOT2	3.000000	3
1436	GPC6	3.000000	3
1437	GPT2	3.000000	3
1438	GRIA3	3.000000	3
1439	H1-4	3.000000	3
1440	H4C3	3.000000	3
1441	HERC1	3.000000	3
1442	HEXB	3.000000	3
1443	HID1	3.000000	3
1444	HLA-DQB1	3.000000	3
1445	HLA-DRB1	3.000000	3
1446	HNMT	3.000000	3
1447	HSD17B10	3.000000	3
1448	HSD17B4	3.000000	3
1449	HTRA2	3.000000	3
1450	HTT	3.000000	3
1451	HYLS1	3.000000	3
1452	IARS2	3.000000	3
1453	IDUA	3.000000	3
1454	IER3IP1	3.000000	3
1455	IFNG	3.000000	3
1456	IFT122	3.000000	3
1457	IFT56	3.000000	3
1458	IGF1	3.000000	3
1459	IL11RA	3.000000	3
1460	IL6ST	3.000000	3
1461	INTS8	3.000000	3
1462	INTU	3.000000	3
1463	IRF6	3.000000	3
1464	ITGB6	3.000000	3
1465	JAG2	3.000000	3
1466	KAT5	3.000000	3
1467	KAT8	3.000000	3
1468	KATNIP	3.000000	3
1469	KCNJ5	3.000000	3
1470	KCNQ2	3.000000	3
1471	KCTD7	3.000000	3
1472	KDSR	3.000000	3
1473	KIDINS220	3.000000	3
1474	KIF26A	3.000000	3
1475	KLLN	3.000000	3
1476	KMT2E	3.000000	3
1477	KYNU	3.000000	3
1478	L1CAM	3.000000	3
1479	LAMA2	3.000000	3
1480	LARP7	3.000000	3
1481	LGI3	3.000000	3
1482	LHX3	3.000000	3
1483	LHX4	3.000000	3
1484	LINGO1	3.000000	3
1485	LINS1	3.000000	3
1486	LIPT2	3.000000	3
1487	LMBRD1	3.000000	3
1488	LMBRD2	3.000000	3
1489	LRP4	3.000000	3
1490	LRRC32	3.000000	3
1491	LTBP1	3.000000	3
1492	MAFB	3.000000	3
1493	MAN2C1	3.000000	3
1494	MBTPS2	3.000000	3
1495	MCM3AP	3.000000	3
1496	MCM7	3.000000	3
1497	MCOLN1	3.000000	3
1498	MCPH1	3.000000	3
1499	MED23	3.000000	3
1500	MEN1	3.000000	3
1501	METTL5	3.000000	3
1502	MIPEP	3.000000	3
1503	MMACHC	3.000000	3
1504	MMP2	3.000000	3
1505	MOCS2	3.000000	3
1506	MPC1	3.000000	3
1507	MPDU1	3.000000	3
1508	MPDZ	3.000000	3
1509	MRAP	3.000000	3
1510	MRPS14	3.000000	3
1511	MRPS25	3.000000	3
1512	MRPS28	3.000000	3
1513	MT-TL2	3.000000	3
1514	MT-TS1	3.000000	3
1515	MTFMT	3.000000	3
1516	MTHFR	3.000000	3
1517	MTRR	3.000000	3
1518	MTSS2	3.000000	3
1519	MYH11	3.000000	3
1520	MYOD1	3.000000	3
1521	MYSM1	3.000000	3
1522	NAA15	3.000000	3
1523	NAA60	3.000000	3
1524	NAA80	3.000000	3
1525	NBAS	3.000000	3
1526	NCAPD3	3.000000	3
1527	NDN	3.000000	3
1528	NDUFA8	3.000000	3
1529	NDUFAF1	3.000000	3
1530	NDUFAF5	3.000000	3
1531	NDUFB11	3.000000	3
1532	NEK9	3.000000	3
1533	NFE2L2	3.000000	3
1534	NHEJ1	3.000000	3
1535	NHP2	3.000000	3
1536	NKX2-6	3.000000	3
1537	NKX6-2	3.000000	3
1538	NLGN3	3.000000	3
1539	NLGN4X	3.000000	3
1540	NOP10	3.000000	3
1541	NRXN1	3.000000	3
1542	NSMCE2	3.000000	3
1543	NUBPL	3.000000	3
1544	NUP37	3.000000	3
1545	NUP62	3.000000	3
1546	NUP85	3.000000	3
1547	OTX2	3.000000	3
1548	PAK2	3.000000	3
1549	PBX1	3.000000	3
1550	PCDH12	3.000000	3
1551	PCYT1A	3.000000	3
1552	PCYT2	3.000000	3
1553	PDCD6IP	3.000000	3
1554	PDE10A	3.000000	3
1555	PDE2A	3.000000	3
1556	PDHX	3.000000	3
1557	PDZD8	3.000000	3
1558	PEX13	3.000000	3
1559	PEX14	3.000000	3
1560	PEX19	3.000000	3
1561	PHC1	3.000000	3
1562	PHKA2	3.000000	3
1563	PHKG2	3.000000	3
1564	PHOX2B	3.000000	3
1565	PIGB	3.000000	3
1566	PLAG1	3.000000	3
1567	PLCB3	3.000000	3
1568	PLCB4	3.000000	3
1569	PLXNA1	3.000000	3
1570	PLXND1	3.000000	3
1571	PMPCA	3.000000	3
1572	PMPCB	3.000000	3
1573	PNPLA2	3.000000	3
1574	PNPLA6	3.000000	3
1575	PODXL	3.000000	3
1576	POLR3K	3.000000	3
1577	POMGNT2	3.000000	3
1578	POMK	3.000000	3
1579	POU3F3	3.000000	3
1580	PPFIBP1	3.000000	3
1581	PPP1R12A	3.000000	3
1582	PPP2R3C	3.000000	3
1583	PRIM1	3.000000	3
1584	PRKACA	3.000000	3
1585	PRKD1	3.000000	3
1586	PRKG2	3.000000	3
1587	PRNP	3.000000	3
1588	PRODH	3.000000	3
1589	PRRT2	3.000000	3
1590	PSAT1	3.000000	3
1591	PSMB1	3.000000	3
1592	PSMC1	3.000000	3
1593	PTCH2	3.000000	3
1594	PTS	3.000000	3
1595	PUS3	3.000000	3
1596	RAB23	3.000000	3
1597	RALGAPA1	3.000000	3
1598	RAPSN	3.000000	3
1599	RARS2	3.000000	3
1600	RASA2	3.000000	3
1601	RBM8A	3.000000	3
1602	RIMS2	3.000000	3
1603	RIT1	3.000000	3
1604	RNASEH2A	3.000000	3
1605	RNU12	3.000000	3
1606	RPL15	3.000000	3
1607	RPL18	3.000000	3
1608	RPL26	3.000000	3
1609	RPL27	3.000000	3
1610	RPL31	3.000000	3
1611	RPL35	3.000000	3
1612	RPL35A	3.000000	3
1613	RPL5	3.000000	3
1614	RPL8	3.000000	3
1615	RPL9	3.000000	3
1616	RPS10	3.000000	3
1617	RPS15A	3.000000	3
1618	RPS17	3.000000	3
1619	RPS24	3.000000	3
1620	RPS26	3.000000	3
1621	RPS27	3.000000	3
1622	RPS28	3.000000	3
1623	RPS29	3.000000	3
1624	RPS6KC1	3.000000	3
1625	RPS7	3.000000	3
1626	RRAS	3.000000	3
1627	RRAS2	3.000000	3
1628	RRP7A	3.000000	3
1629	RUBCN	3.000000	3
1630	RUNX2	3.000000	3
1631	RYR3	3.000000	3
1632	SARS1	3.000000	3
1633	SASS6	3.000000	3
1634	SCYL2	3.000000	3
1635	SEC23B	3.000000	3
1636	SEMA6B	3.000000	3
1637	SEPSECS	3.000000	3
1638	SERAC1	3.000000	3
1639	SFXN4	3.000000	3
1640	SIAH1	3.000000	3
1641	SIL1	3.000000	3
1642	SKIC2	3.000000	3
1643	SLC17A5	3.000000	3
1644	SLC18A2	3.000000	3
1645	SLC1A3	3.000000	3
1646	SLC25A36	3.000000	3
1647	SLC29A3	3.000000	3
1648	SLC30A9	3.000000	3
1649	SLC35A1	3.000000	3
1650	SLC35A3	3.000000	3
1651	SLC37A4	3.000000	3
1652	SLC39A14	3.000000	3
1653	SLC45A1	3.000000	3
1654	SLC5A7	3.000000	3
1655	SLC6A19	3.000000	3
1656	SMARCAL1	3.000000	3
1657	SMCHD1	3.000000	3
1658	SMG8	3.000000	3
1659	SMOC1	3.000000	3
1660	SMPD1	3.000000	3
1661	SNAP25	3.000000	3
1662	SNAP29	3.000000	3
1663	SNF8	3.000000	3
1664	SOS1	3.000000	3
1665	SOS2	3.000000	3
1666	SOX10	3.000000	3
1667	SOX3	3.000000	3
1668	SOX6	3.000000	3
1669	SOX9	3.000000	3
1670	SPG11	3.000000	3
1671	SPR	3.000000	3
1672	SPTLC1	3.000000	3
1673	SRD5A3	3.000000	3
1674	SSR4	3.000000	3
1675	STAC3	3.000000	3
1676	STAMBP	3.000000	3
1677	STRADA	3.000000	3
1678	STT3B	3.000000	3
1679	STX1B	3.000000	3
1680	SUMF1	3.000000	3
1681	SUOX	3.000000	3
1682	SUZ12	3.000000	3
1683	SV2A	3.000000	3
1684	TAC3	3.000000	3
1685	TAF13	3.000000	3
1686	TAF2	3.000000	3
1687	TARS1	3.000000	3
1688	TBK1	3.000000	3
1689	TBX15	3.000000	3
1690	TCOF1	3.000000	3
1691	TCP1	3.000000	3
1692	TECPR2	3.000000	3
1693	TEFM	3.000000	3
1694	TFAP2B	3.000000	3
1695	TH	3.000000	3
1696	THOC6	3.000000	3
1697	TIAM1	3.000000	3
1698	TIMM50	3.000000	3
1699	TMEM107	3.000000	3
1700	TMEM53	3.000000	3
1701	TMEM63C	3.000000	3
1702	TMLHE	3.000000	3
1703	TNNT1	3.000000	3
1704	TOP3A	3.000000	3
1705	TOPORS	3.000000	3
1706	TP53	3.000000	3
1707	TP63	3.000000	3
1708	TPM2	3.000000	3
1709	TPR	3.000000	3
1710	TRAIP	3.000000	3
1711	TRAPPC4	3.000000	3
1712	TRIM37	3.000000	3
1713	TRIP11	3.000000	3
1714	TRIP13	3.000000	3
1715	TRIP4	3.000000	3
1716	TRPV6	3.000000	3
1717	TSC1	3.000000	3
1718	TSC2	3.000000	3
1719	TSHR	3.000000	3
1720	TSPOAP1	3.000000	3
1721	TSR2	3.000000	3
1722	TTN	3.000000	3
1723	TUBB2B	3.000000	3
1724	TUBB4A	3.000000	3
1725	TXNDC15	3.000000	3
1726	TYMP	3.000000	3
1727	TYMS	3.000000	3
1728	UBE3C	3.000000	3
1729	UBE4A	3.000000	3
1730	UBR7	3.000000	3
1731	UCHL1	3.000000	3
1732	UFM1	3.000000	3
1733	USB1	3.000000	3
1734	USF3	3.000000	3
1735	VAMP1	3.000000	3
1736	VARS1	3.000000	3
1737	VLDLR	3.000000	3
1738	VPS33A	3.000000	3
1739	VPS4A	3.000000	3
1740	VPS53	3.000000	3
1741	VRK1	3.000000	3
1742	WDR19	3.000000	3
1743	WDR45B	3.000000	3
1744	WDR81	3.000000	3
1745	WIPI2	3.000000	3
1746	WNT4	3.000000	3
1747	XYLT2	3.000000	3
1748	YARS1	3.000000	3
1749	YARS2	3.000000	3
1750	YRDC	3.000000	3
1751	ZBTB24	3.000000	3
1752	ZFPM2	3.000000	3
1753	ZMPSTE24	3.000000	3
1754	ZNF142	3.000000	3
1755	ZNF148	3.000000	3
1756	ZNF423	3.000000	3
1757	ZNF526	3.000000	3
1758	ZNHIT3	3.000000	3
1759	AAAS	2.000000	2
1760	ABCA12	2.000000	2
1761	ABCA5	2.000000	2
1762	ABCD1	2.000000	2
1763	ABCD4	2.000000	2
1764	ABHD16A	2.000000	2
1765	ABL1	2.000000	2
1766	ACADVL	2.000000	2
1767	ACBD5	2.000000	2
1768	ACO2	2.000000	2
1769	ACP5	2.000000	2
1770	ACSF3	2.000000	2
1771	ACTA2	2.000000	2
1772	ACVR1	2.000000	2
1773	ADAM22	2.000000	2
1774	ADAMTS10	2.000000	2
1775	ADAMTS15	2.000000	2
1776	ADAMTS17	2.000000	2
1777	ADAMTS2	2.000000	2
1778	ADD3	2.000000	2
1779	ADGRV1	2.000000	2
1780	ADK	2.000000	2
1781	AFG2B	2.000000	2
1782	AGGF1	2.000000	2
1783	AGL	2.000000	2
1784	AGR2	2.000000	2
1785	AGTPBP1	2.000000	2
1786	AHCY	2.000000	2
1787	AIMP1	2.000000	2
1788	AIP	2.000000	2
1789	AIPL1	2.000000	2
1790	AKT3	2.000000	2
1791	ALDH3A2	2.000000	2
1792	ALDH7A1	2.000000	2
1793	ALDOA	2.000000	2
1794	ALDOB	2.000000	2
1795	ALG3	2.000000	2
1796	ALG6	2.000000	2
1797	ALS2	2.000000	2
1798	ANTXR2	2.000000	2
1799	AQP2	2.000000	2
1800	ARF1	2.000000	2
1801	ARSB	2.000000	2
1802	ARV1	2.000000	2
1803	ASAH1	2.000000	2
1804	ASCL1	2.000000	2
1805	ASL	2.000000	2
1806	ATAD1	2.000000	2
1807	ATL1	2.000000	2
1808	ATP11A	2.000000	2
1809	ATP1A1	2.000000	2
1810	ATP2B1	2.000000	2
1811	ATP5F1D	2.000000	2
1812	ATP5F1E	2.000000	2
1813	ATP6AP2	2.000000	2
1814	ATP6V0C	2.000000	2
1815	ATP7B	2.000000	2
1816	ATXN2	2.000000	2
1817	ATXN3	2.000000	2
1818	AUH	2.000000	2
1819	AVP	2.000000	2
1820	AVPR2	2.000000	2
1821	AXIN1	2.000000	2
1822	B3GALNT2	2.000000	2
1823	B3GAT3	2.000000	2
1824	B4GAT1	2.000000	2
1825	BCS1L	2.000000	2
1826	BDNF	2.000000	2
1827	BLNK	2.000000	2
1828	BMPER	2.000000	2
1829	BMPR1B	2.000000	2
1830	BNIP1	2.000000	2
1831	BRCC3	2.000000	2
1832	BRWD1	2.000000	2
1833	BRWD3	2.000000	2
1834	BSCL2	2.000000	2
1835	BSND	2.000000	2
1836	BTK	2.000000	2
1837	BUD13	2.000000	2
1838	CABP4	2.000000	2
1839	CACNA1H	2.000000	2
1840	CAPN15	2.000000	2
1841	CASR	2.000000	2
1842	CBY1	2.000000	2
1843	CCDC134	2.000000	2
1844	CCDC39	2.000000	2
1845	CCDC40	2.000000	2
1846	CCNO	2.000000	2
1847	CD274	2.000000	2
1848	CD79A	2.000000	2
1849	CD79B	2.000000	2
1850	CDC40	2.000000	2
1851	CDH1	2.000000	2
1852	CDH15	2.000000	2
1853	CDH23	2.000000	2
1854	CDK8	2.000000	2
1855	CDKN1B	2.000000	2
1856	CDKN2B	2.000000	2
1857	CEACAM3	2.000000	2
1858	CEACAM6	2.000000	2
1859	CENPF	2.000000	2
1860	CENPT	2.000000	2
1861	CEP104	2.000000	2
1862	CEP41	2.000000	2
1863	CEP85L	2.000000	2
1864	CERS1	2.000000	2
1865	CFAP221	2.000000	2
1866	CFAP298	2.000000	2
1867	CFAP300	2.000000	2
1868	CFAP74	2.000000	2
1869	CFTR	2.000000	2
1870	CHAT	2.000000	2
1871	CHD1	2.000000	2
1872	CHD4	2.000000	2
1873	CHD6	2.000000	2
1874	CHEK2	2.000000	2
1875	CHRNA2	2.000000	2
1876	CHRNA4	2.000000	2
1877	CHRNB2	2.000000	2
1878	CIB2	2.000000	2
1879	CISD2	2.000000	2
1880	CITED2	2.000000	2
1881	CLCA4	2.000000	2
1882	CLCF1	2.000000	2
1883	CLCNKA	2.000000	2
1884	CLN3	2.000000	2
1885	CLTRN	2.000000	2
1886	CLXN	2.000000	2
1887	CNBP	2.000000	2
1888	CNTNAP1	2.000000	2
1889	COA8	2.000000	2
1890	COG2	2.000000	2
1891	COL27A1	2.000000	2
1892	COL4A1	2.000000	2
1893	COL4A2	2.000000	2
1894	COL5A1	2.000000	2
1895	COL5A2	2.000000	2
1896	COL6A2	2.000000	2
1897	COLEC10	2.000000	2
1898	COLEC11	2.000000	2
1899	COMP	2.000000	2
1900	COPZ1	2.000000	2
1901	COQ4	2.000000	2
1902	COQ9	2.000000	2
1903	COX15	2.000000	2
1904	COX6B1	2.000000	2
1905	CPOX	2.000000	2
1906	CPT2	2.000000	2
1907	CRADD	2.000000	2
1908	CRB1	2.000000	2
1909	CRH	2.000000	2
1910	CRPPA	2.000000	2
1911	CRX	2.000000	2
1912	CSF1R	2.000000	2
1913	CSNK2B	2.000000	2
1914	CSTF2	2.000000	2
1915	CTDP1	2.000000	2
1916	CTNS	2.000000	2
1917	CTSD	2.000000	2
1918	CTSH	2.000000	2
1919	CTSK	2.000000	2
1920	CUX2	2.000000	2
1921	CYB5A	2.000000	2
1922	CYB5R3	2.000000	2
1923	CYP27A1	2.000000	2
1924	CYP2U1	2.000000	2
1925	D2HGDH	2.000000	2
1926	DACT1	2.000000	2
1927	DAW1	2.000000	2
1928	DCAF17	2.000000	2
1929	DCLRE1B	2.000000	2
1930	DCTN4	2.000000	2
1931	DDB2	2.000000	2
1932	DDHD2	2.000000	2
1933	DEF6	2.000000	2
1934	DEGS1	2.000000	2
1935	DIAPH1	2.000000	2
1936	DIS3L2	2.000000	2
1937	DLG3	2.000000	2
1938	DLG4	2.000000	2
1939	DLL4	2.000000	2
1940	DNAAF1	2.000000	2
1941	DNAAF11	2.000000	2
1942	DNAAF19	2.000000	2
1943	DNAAF2	2.000000	2
1944	DNAAF3	2.000000	2
1945	DNAAF5	2.000000	2
1946	DNAAF6	2.000000	2
1947	DNAH1	2.000000	2
1948	DNAH11	2.000000	2
1949	DNAH5	2.000000	2
1950	DNAH7	2.000000	2
1951	DNAH9	2.000000	2
1952	DNAI1	2.000000	2
1953	DNAI2	2.000000	2
1954	DNAJB13	2.000000	2
1955	DNAJB4	2.000000	2
1956	DNAJC12	2.000000	2
1957	DNAL1	2.000000	2
1958	DNM1L	2.000000	2
1959	DPM3	2.000000	2
1960	DPP6	2.000000	2
1961	DRC1	2.000000	2
1962	DRC2	2.000000	2
1963	DRC4	2.000000	2
1964	DRG1	2.000000	2
1965	DSP	2.000000	2
1966	DST	2.000000	2
1967	DSTYK	2.000000	2
1968	DTYMK	2.000000	2
1969	DUOX2	2.000000	2
1970	DUOXA2	2.000000	2
1971	DUSP6	2.000000	2
1972	DYNC2H1	2.000000	2
1973	DYNC2I1	2.000000	2
1974	ECE1	2.000000	2
1975	ECEL1	2.000000	2
1976	EDA	2.000000	2
1977	EDC3	2.000000	2
1978	EDN3	2.000000	2
1979	EDNRA	2.000000	2
1980	EDNRB	2.000000	2
1981	EFHC1	2.000000	2
1982	EIF2B4	2.000000	2
1983	EIF4A3	2.000000	2
1984	ELAC2	2.000000	2
1985	ELOVL4	2.000000	2
1986	ELP1	2.000000	2
1987	ELP2	2.000000	2
1988	EMG1	2.000000	2
1989	EN1	2.000000	2
1990	ENTPD1	2.000000	2
1991	EOGT	2.000000	2
1992	EPCAM	2.000000	2
1993	ERBB2	2.000000	2
1994	ESPN	2.000000	2
1995	EXOC7	2.000000	2
1996	EXOSC3	2.000000	2
1997	EYA1	2.000000	2
1998	FA2H	2.000000	2
1999	FARS2	2.000000	2
2000	FASTKD2	2.000000	2
2001	FCSK	2.000000	2
2002	FDFT1	2.000000	2
2003	FGF17	2.000000	2
2004	FHL1	2.000000	2
2005	FLG	2.000000	2
2006	FLVCR2	2.000000	2
2007	FMN2	2.000000	2
2008	FOCAD	2.000000	2
2009	FOSL2	2.000000	2
2010	FOXJ1	2.000000	2
2011	FRA16E	2.000000	2
2012	FZD4	2.000000	2
2013	GAA	2.000000	2
2014	GALK1	2.000000	2
2015	GALNS	2.000000	2
2016	GAS2L2	2.000000	2
2017	GATA5	2.000000	2
2018	GCH1	2.000000	2
2019	GCK	2.000000	2
2020	GDF1	2.000000	2
2021	GDF5	2.000000	2
2022	GFM1	2.000000	2
2023	GGT1	2.000000	2
2024	GHR	2.000000	2
2025	GINS1	2.000000	2
2026	GJC2	2.000000	2
2027	GK	2.000000	2
2028	GLDN	2.000000	2
2029	GLRA1	2.000000	2
2030	GLRB	2.000000	2
2031	GNA11	2.000000	2
2032	GNRH1	2.000000	2
2033	GNRHR	2.000000	2
2034	GOLGA2	2.000000	2
2035	GPHN	2.000000	2
2036	GPKOW	2.000000	2
2037	GPR101	2.000000	2
2038	GRID2	2.000000	2
2039	GRM1	2.000000	2
2040	GSC	2.000000	2
2041	GSTM3	2.000000	2
2042	GTPBP1	2.000000	2
2043	GTPBP3	2.000000	2
2044	GUCY2D	2.000000	2
2045	GUF1	2.000000	2
2046	H19	2.000000	2
2047	H4C9	2.000000	2
2048	HAAO	2.000000	2
2049	HADH	2.000000	2
2050	HARS1	2.000000	2
2051	HCCS	2.000000	2
2052	HCFC1	2.000000	2
2053	HCN4	2.000000	2
2054	HCRT	2.000000	2
2055	HDAC6	2.000000	2
2056	HELLS	2.000000	2
2057	HFE	2.000000	2
2058	HGSNAT	2.000000	2
2059	HIKESHI	2.000000	2
2060	HLA-DQA1	2.000000	2
2061	HMGB3	2.000000	2
2062	HMGCL	2.000000	2
2063	HMOX1	2.000000	2
2064	HNF1B	2.000000	2
2065	HNF4A	2.000000	2
2066	HNRNPA1	2.000000	2
2067	HNRNPR	2.000000	2
2068	HOXB1	2.000000	2
2069	HOXD13	2.000000	2
2070	HPD	2.000000	2
2071	HS6ST1	2.000000	2
2072	HS6ST2	2.000000	2
2073	HSPD1	2.000000	2
2074	HYCC1	2.000000	2
2075	HYDIN	2.000000	2
2076	IBA57	2.000000	2
2077	IDH1	2.000000	2
2078	IFT52	2.000000	2
2079	IFT80	2.000000	2
2080	IFT81	2.000000	2
2081	IGBP1	2.000000	2
2082	IGHM	2.000000	2
2083	IGHMBP2	2.000000	2
2084	IGLL1	2.000000	2
2085	IHH	2.000000	2
2086	IKBKG	2.000000	2
2087	IL7R	2.000000	2
2088	IMPDH1	2.000000	2
2089	IMPDH2	2.000000	2
2090	INPP5K	2.000000	2
2091	INS	2.000000	2
2092	IQCB1	2.000000	2
2093	IRF2BPL	2.000000	2
2094	ITCH	2.000000	2
2095	ITGA3	2.000000	2
2096	ITGAV	2.000000	2
2097	ITPA	2.000000	2
2098	IVD	2.000000	2
2099	IYD	2.000000	2
2100	JAM2	2.000000	2
2101	JRK	2.000000	2
2102	KCNE5	2.000000	2
2103	KCNJ1	2.000000	2
2104	KCNJ10	2.000000	2
2105	KCNJ13	2.000000	2
2106	KCNJ6	2.000000	2
2107	KCNN4	2.000000	2
2108	KCNQ3	2.000000	2
2109	KCNQ5	2.000000	2
2110	KDR	2.000000	2
2111	KIF1C	2.000000	2
2112	KIF2A	2.000000	2
2113	KIF4A	2.000000	2
2114	KIF5A	2.000000	2
2115	KISS1	2.000000	2
2116	KISS1R	2.000000	2
2117	KLHL41	2.000000	2
2118	KPNA3	2.000000	2
2119	KY	2.000000	2
2120	LAMA1	2.000000	2
2121	LAMA5	2.000000	2
2122	LAMB2	2.000000	2
2123	LARS1	2.000000	2
2124	LCA5	2.000000	2
2125	LDHD	2.000000	2
2126	LEF1	2.000000	2
2127	LEMD2	2.000000	2
2128	LHX1	2.000000	2
2129	LIG3	2.000000	2
2130	LMAN2L	2.000000	2
2131	LMBR1	2.000000	2
2132	LNPK	2.000000	2
2133	LRAT	2.000000	2
2134	LRP2	2.000000	2
2135	LRRC56	2.000000	2
2136	LRRC8A	2.000000	2
2137	LRRK2	2.000000	2
2138	LSM11	2.000000	2
2139	LSM7	2.000000	2
2140	LTBP2	2.000000	2
2141	LYN	2.000000	2
2142	MAB21L2	2.000000	2
2143	MAOA	2.000000	2
2144	MAPK10	2.000000	2
2145	MAPT	2.000000	2
2146	MAST1	2.000000	2
2147	MAX	2.000000	2
2148	MBTPS1	2.000000	2
2149	MC2R	2.000000	2
2150	MCIDAS	2.000000	2
2151	MCM4	2.000000	2
2152	MECOM	2.000000	2
2153	MEFV	2.000000	2
2154	MEGF10	2.000000	2
2155	MFF	2.000000	2
2156	MGME1	2.000000	2
2157	MGP	2.000000	2
2158	MIA3	2.000000	2
2159	MICOS13	2.000000	2
2160	MIF	2.000000	2
2161	MIR140	2.000000	2
2162	MITF	2.000000	2
2163	MLC1	2.000000	2
2164	MLH1	2.000000	2
2165	MMADHC	2.000000	2
2166	MMP1	2.000000	2
2167	MOG	2.000000	2
2168	MSH2	2.000000	2
2169	MSH6	2.000000	2
2170	MSMO1	2.000000	2
2171	MSX1	2.000000	2
2172	MSX2	2.000000	2
2173	MT-CO1	2.000000	2
2174	MT-CO2	2.000000	2
2175	MT-CO3	2.000000	2
2176	MT-ND2	2.000000	2
2177	MT-ND3	2.000000	2
2178	MT-ND4	2.000000	2
2179	MT-ND5	2.000000	2
2180	MT-ND6	2.000000	2
2181	MT-TE	2.000000	2
2182	MT-TF	2.000000	2
2183	MT-TH	2.000000	2
2184	MT-TQ	2.000000	2
2185	MT-TS2	2.000000	2
2186	MT-TW	2.000000	2
2187	MTHFS	2.000000	2
2188	MTPAP	2.000000	2
2189	MTR	2.000000	2
2190	MTX2	2.000000	2
2191	MUTYH	2.000000	2
2192	MVK	2.000000	2
2193	MYO1H	2.000000	2
2194	MYO7A	2.000000	2
2195	NAA20	2.000000	2
2196	NADK2	2.000000	2
2197	NAGA	2.000000	2
2198	NAGLU	2.000000	2
2199	NAGS	2.000000	2
2200	NAPB	2.000000	2
2201	NAT8L	2.000000	2
2202	NCAPH	2.000000	2
2203	NDUFA11	2.000000	2
2204	NDUFA2	2.000000	2
2205	NDUFA6	2.000000	2
2206	NDUFAF2	2.000000	2
2207	NDUFAF3	2.000000	2
2208	NDUFAF4	2.000000	2
2209	NDUFAF8	2.000000	2
2210	NDUFB10	2.000000	2
2211	NDUFB3	2.000000	2
2212	NDUFB9	2.000000	2
2213	NDUFS1	2.000000	2
2214	NDUFS2	2.000000	2
2215	NDUFS3	2.000000	2
2216	NDUFS4	2.000000	2
2217	NDUFS6	2.000000	2
2218	NDUFS7	2.000000	2
2219	NDUFS8	2.000000	2
2220	NDUFV1	2.000000	2
2221	NDUFV2	2.000000	2
2222	NEB	2.000000	2
2223	NEK10	2.000000	2
2224	NEMF	2.000000	2
2225	NEUROG1	2.000000	2
2226	NGF	2.000000	2
2227	NHLH2	2.000000	2
2228	NHS	2.000000	2
2229	NKX3-2	2.000000	2
2230	NLRP3	2.000000	2
2231	NME5	2.000000	2
2232	NME8	2.000000	2
2233	NNT	2.000000	2
2234	NOG	2.000000	2
2235	NOTCH1	2.000000	2
2236	NPAT	2.000000	2
2237	NPR2	2.000000	2
2238	NPRL2	2.000000	2
2239	NPRL3	2.000000	2
2240	NSF	2.000000	2
2241	NSMF	2.000000	2
2242	NT5C2	2.000000	2
2243	NUP188	2.000000	2
2244	NUP214	2.000000	2
2245	NUP88	2.000000	2
2246	ODAD1	2.000000	2
2247	ODAD2	2.000000	2
2248	ODAD3	2.000000	2
2249	ODAD4	2.000000	2
2250	OGDH	2.000000	2
2251	OPLAH	2.000000	2
2252	OSTM1	2.000000	2
2253	OTC	2.000000	2
2254	OTUD7A	2.000000	2
2255	OXR1	2.000000	2
2256	P2RY11	2.000000	2
2257	PAICS	2.000000	2
2258	PARK7	2.000000	2
2259	PAX1	2.000000	2
2260	PAX6	2.000000	2
2261	PAX8	2.000000	2
2262	PCCA	2.000000	2
2263	PCCB	2.000000	2
2264	PCDH15	2.000000	2
2265	PCLO	2.000000	2
2266	PCNA	2.000000	2
2267	PDGFRA	2.000000	2
2268	PDX1	2.000000	2
2269	PEPD	2.000000	2
2270	PET100	2.000000	2
2271	PEX7	2.000000	2
2272	PGK1	2.000000	2
2273	PHKB	2.000000	2
2274	PHOX2A	2.000000	2
2275	PI4K2A	2.000000	2
2276	PIBF1	2.000000	2
2277	PIDD1	2.000000	2
2278	PIGC	2.000000	2
2279	PIGH	2.000000	2
2280	PIGK	2.000000	2
2281	PIGU	2.000000	2
2282	PIK3R2	2.000000	2
2283	PINK1	2.000000	2
2284	PISD	2.000000	2
2285	PITX1	2.000000	2
2286	PITX2	2.000000	2
2287	PKDCC	2.000000	2
2288	PLEC	2.000000	2
2289	PLEKHG2	2.000000	2
2290	PLOD3	2.000000	2
2291	PMS1	2.000000	2
2292	PMS2	2.000000	2
2293	PNP	2.000000	2
2294	PNPT1	2.000000	2
2295	POLR1D	2.000000	2
2296	POMGNT1	2.000000	2
2297	POP1	2.000000	2
2298	POT1	2.000000	2
2299	PPIB	2.000000	2
2300	PPIL1	2.000000	2
2301	PPT1	2.000000	2
2302	PRDX1	2.000000	2
2303	PRKN	2.000000	2
2304	PRKRA	2.000000	2
2305	PROK2	2.000000	2
2306	PROP1	2.000000	2
2307	PSAP	2.000000	2
2308	PSEN1	2.000000	2
2309	PSMB8	2.000000	2
2310	PSMC3	2.000000	2
2311	PTCHD1	2.000000	2
2312	PTF1A	2.000000	2
2313	PTPA	2.000000	2
2314	PTRHD1	2.000000	2
2315	QDPR	2.000000	2
2316	RAB32	2.000000	2
2317	RAB34	2.000000	2
2318	RAB39B	2.000000	2
2319	RAB5IF	2.000000	2
2320	RAD50	2.000000	2
2321	RARS1	2.000000	2
2322	RBL2	2.000000	2
2323	RBM28	2.000000	2
2324	RD3	2.000000	2
2325	RDH11	2.000000	2
2326	RDH12	2.000000	2
2327	RECQL	2.000000	2
2328	RETREG1	2.000000	2
2329	REV3L	2.000000	2
2330	RFT1	2.000000	2
2331	RHOA	2.000000	2
2332	RIN2	2.000000	2
2333	RMP64	2.000000	2
2334	RNASEH2B	2.000000	2
2335	RNASEH2C	2.000000	2
2336	RNASET2	2.000000	2
2337	RNF13	2.000000	2
2338	ROBO1	2.000000	2
2339	ROBO3	2.000000	2
2340	RPE65	2.000000	2
2341	RPGR	2.000000	2
2342	RPL17	2.000000	2
2343	RRP12	2.000000	2
2344	RSPH1	2.000000	2
2345	RSPH3	2.000000	2
2346	RSPH4A	2.000000	2
2347	RSPH9	2.000000	2
2348	RTN2	2.000000	2
2349	RXYLT1	2.000000	2
2350	SAMD9	2.000000	2
2351	SAMHD1	2.000000	2
2352	SBDS	2.000000	2
2353	SBF1	2.000000	2
2354	SCARF2	2.000000	2
2355	SCO1	2.000000	2
2356	SDHAF1	2.000000	2
2357	SEC24D	2.000000	2
2358	SEC31A	2.000000	2
2359	SEC61A1	2.000000	2
2360	SELENON	2.000000	2
2361	SEMA4A	2.000000	2
2362	SEPHS1	2.000000	2
2363	SERPINA1	2.000000	2
2364	SGSH	2.000000	2
2365	SHOX	2.000000	2
2366	SHROOM4	2.000000	2
2367	SI	2.000000	2
2368	SIGMAR1	2.000000	2
2369	SIN3B	2.000000	2
2370	SIX2	2.000000	2
2371	SKOR2	2.000000	2
2372	SLC11A1	2.000000	2
2373	SLC12A1	2.000000	2
2374	SLC12A5	2.000000	2
2375	SLC25A42	2.000000	2
2376	SLC26A4	2.000000	2
2377	SLC26A9	2.000000	2
2378	SLC39A8	2.000000	2
2379	SLC46A1	2.000000	2
2380	SLC5A5	2.000000	2
2381	SLC5A6	2.000000	2
2382	SLC6A14	2.000000	2
2383	SLC6A5	2.000000	2
2384	SLC6A9	2.000000	2
2385	SLC9A3	2.000000	2
2386	SLF2	2.000000	2
2387	SNAPIN	2.000000	2
2388	SNCA	2.000000	2
2389	SOBP	2.000000	2
2390	SOD1	2.000000	2
2391	SOST	2.000000	2
2392	SOX17	2.000000	2
2393	SPAG1	2.000000	2
2394	SPARC	2.000000	2
2395	SPATA7	2.000000	2
2396	SPEF2	2.000000	2
2397	SPEG	2.000000	2
2398	SPI1	2.000000	2
2399	SPINK5	2.000000	2
2400	SPRED1	2.000000	2
2401	SPRY4	2.000000	2
2402	SPTBN2	2.000000	2
2403	SRP54	2.000000	2
2404	SRPK3	2.000000	2
2405	SRY	2.000000	2
2406	ST3GAL5	2.000000	2
2407	STAR	2.000000	2
2408	STAT6	2.000000	2
2409	STK36	2.000000	2
2410	STN1	2.000000	2
2411	STRA6	2.000000	2
2412	STS	2.000000	2
2413	STX16	2.000000	2
2414	SYN1	2.000000	2
2415	SYT2	2.000000	2
2416	TACR3	2.000000	2
2417	TALDO1	2.000000	2
2418	TAT	2.000000	2
2419	TBC1D7	2.000000	2
2420	TBX2	2.000000	2
2421	TBX5	2.000000	2
2422	TCF3	2.000000	2
2423	TCIRG1	2.000000	2
2424	TDO2	2.000000	2
2425	TDP2	2.000000	2
2426	TECR	2.000000	2
2427	TERC	2.000000	2
2428	TG	2.000000	2
2429	TGFB1	2.000000	2
2430	TGFB3	2.000000	2
2431	TGFBR1	2.000000	2
2432	THRA	2.000000	2
2433	THRB	2.000000	2
2434	THSD1	2.000000	2
2435	TIMM22	2.000000	2
2436	TIMMDC1	2.000000	2
2437	TK2	2.000000	2
2438	TKT	2.000000	2
2439	TM4SF20	2.000000	2
2440	TMEM126B	2.000000	2
2441	TMEM218	2.000000	2
2442	TMEM63B	2.000000	2
2443	TMX2	2.000000	2
2444	TNFRSF11A	2.000000	2
2445	TNFSF4	2.000000	2
2446	TNIK	2.000000	2
2447	TOMM7	2.000000	2
2448	TPK1	2.000000	2
2449	TPM3	2.000000	2
2450	TPO	2.000000	2
2451	TRAPPC12	2.000000	2
2452	TRAPPC2L	2.000000	2
2453	TREM2	2.000000	2
2454	TRH	2.000000	2
2455	TRIM33	2.000000	2
2456	TRPV4	2.000000	2
2457	TSEN2	2.000000	2
2458	TSEN34	2.000000	2
2459	TSEN54	2.000000	2
2460	TSHB	2.000000	2
2461	TSPAN12	2.000000	2
2462	TSPAN7	2.000000	2
2463	TTC12	2.000000	2
2464	TTC19	2.000000	2
2465	TTC7A	2.000000	2
2466	TTR	2.000000	2
2467	TUBB4B	2.000000	2
2468	TUFM	2.000000	2
2469	TULP1	2.000000	2
2470	TUSC3	2.000000	2
2471	TXNRD2	2.000000	2
2472	UBA2	2.000000	2
2473	UGT1A1	2.000000	2
2474	UHRF1	2.000000	2
2475	UQCC2	2.000000	2
2476	UQCRQ	2.000000	2
2477	USH1C	2.000000	2
2478	USH1G	2.000000	2
2479	USP27X	2.000000	2
2480	USP45	2.000000	2
2481	USP8	2.000000	2
2482	VAMP2	2.000000	2
2483	VCP	2.000000	2
2484	VIPAS39	2.000000	2
2485	VPS13C	2.000000	2
2486	VPS13D	2.000000	2
2487	VPS33B	2.000000	2
2488	VPS37A	2.000000	2
2489	VPS41	2.000000	2
2490	WDFY3	2.000000	2
2491	WNK3	2.000000	2
2492	WNT7A	2.000000	2
2493	WNT7B	2.000000	2
2494	WT1	2.000000	2
2495	XPA	2.000000	2
2496	XPC	2.000000	2
2497	YWHAE	2.000000	2
2498	YY1AP1	2.000000	2
2499	ZDHHC9	2.000000	2
2500	ZMYND10	2.000000	2
2501	ZNF335	2.000000	2
2502	ZNF365	2.000000	2
2503	ZNF408	2.000000	2
2504	ZNF592	2.000000	2
2505	ZNF668	2.000000	2
2506	ZPR1	2.000000	2
2507	ZSCAN10	2.000000	2
2508	ABCA3	1.000000	1
2509	ABHD5	1.000000	1
2510	ACAD8	1.000000	1
2511	ACADM	1.000000	1
2512	ACAN	1.000000	1
2513	ACAT1	1.000000	1
2514	ACE	1.000000	1
2515	ACER3	1.000000	1
2516	ACTN2	1.000000	1
2517	ACY1	1.000000	1
2518	ADA	1.000000	1
2519	ADAMTSL1	1.000000	1
2520	ADCY3	1.000000	1
2521	ADH1C	1.000000	1
2522	ADPRS	1.000000	1
2523	ADRA2B	1.000000	1
2524	AFG3L2	1.000000	1
2525	AGPAT2	1.000000	1
2526	AGT	1.000000	1
2527	AGTR1	1.000000	1
2528	AK2	1.000000	1
2529	AK9	1.000000	1
2530	ALDH1A2	1.000000	1
2531	ALKBH8	1.000000	1
2532	ALPL	1.000000	1
2533	AMT	1.000000	1
2534	ANAPC1	1.000000	1
2535	ANAPC7	1.000000	1
2536	ANG	1.000000	1
2537	ANKH	1.000000	1
2538	ANO10	1.000000	1
2539	ANXA11	1.000000	1
2540	AP1B1	1.000000	1
2541	AP1S1	1.000000	1
2542	AP3D1	1.000000	1
2543	AP5Z1	1.000000	1
2544	APP	1.000000	1
2545	APPL1	1.000000	1
2546	APTX	1.000000	1
2547	AQP4	1.000000	1
2548	AR	1.000000	1
2549	ARFGEF1	1.000000	1
2550	ARG1	1.000000	1
2551	ARHGAP29	1.000000	1
2552	ARHGDIA	1.000000	1
2553	ARHGEF15	1.000000	1
2554	ARHGEF38	1.000000	1
2555	ARHGEF9	1.000000	1
2556	ARL6IP1	1.000000	1
2557	ARL6IP6	1.000000	1
2558	ARPC5	1.000000	1
2559	ARSA	1.000000	1
2560	ARSG	1.000000	1
2561	ARSI	1.000000	1
2562	ARSK	1.000000	1
2563	ASCC1	1.000000	1
2564	ASPH	1.000000	1
2565	ASPRV1	1.000000	1
2566	ASS1	1.000000	1
2567	ATG5	1.000000	1
2568	ATL3	1.000000	1
2569	ATP13A2	1.000000	1
2570	ATP2A2	1.000000	1
2571	ATP2B3	1.000000	1
2572	ATP5MK	1.000000	1
2573	ATP5PO	1.000000	1
2574	ATP6AP1	1.000000	1
2575	ATP8A2	1.000000	1
2576	ATPAF2	1.000000	1
2577	ATXN8OS	1.000000	1
2578	B2M	1.000000	1
2579	B4GALNT1	1.000000	1
2580	B4GALT7	1.000000	1
2581	BCKDHA	1.000000	1
2582	BCL10	1.000000	1
2583	BHLHA9	1.000000	1
2584	BICD2	1.000000	1
2585	BIRC3	1.000000	1
2586	BLK	1.000000	1
2587	BMP15	1.000000	1
2588	BNC1	1.000000	1
2589	BPNT2	1.000000	1
2590	BTD	1.000000	1
2591	C19orf12	1.000000	1
2592	C1QBP	1.000000	1
2593	C2orf69	1.000000	1
2594	CA2	1.000000	1
2595	CA8	1.000000	1
2596	CACNA1D	1.000000	1
2597	CACNA1S	1.000000	1
2598	CACNA2D2	1.000000	1
2599	CACNB4	1.000000	1
2600	CACNG2	1.000000	1
2601	CADM3	1.000000	1
2602	CAMKMT	1.000000	1
2603	CARMIL2	1.000000	1
2604	CAV1	1.000000	1
2605	CAVIN1	1.000000	1
2606	CBFB	1.000000	1
2607	CCDC174	1.000000	1
2608	CCDC78	1.000000	1
2609	CCDC88C	1.000000	1
2610	CCN2	1.000000	1
2611	CCND1	1.000000	1
2612	CCNF	1.000000	1
2613	CCR6	1.000000	1
2614	CDC73	1.000000	1
2615	CDK5	1.000000	1
2616	CDKN2A	1.000000	1
2617	CEL	1.000000	1
2618	CENATAC	1.000000	1
2619	CEP78	1.000000	1
2620	CEP83	1.000000	1
2621	CFAP410	1.000000	1
2622	CFAP45	1.000000	1
2623	CFC1	1.000000	1
2624	CFL2	1.000000	1
2625	CHCHD10	1.000000	1
2626	CHCHD2	1.000000	1
2627	CHMP2B	1.000000	1
2628	CHP1	1.000000	1
2629	CHRM3	1.000000	1
2630	CHRNA3	1.000000	1
2631	CHRNB1	1.000000	1
2632	CHRNE	1.000000	1
2633	CHST11	1.000000	1
2634	CIZ1	1.000000	1
2635	CLCN2	1.000000	1
2636	CLDN1	1.000000	1
2637	CLN5	1.000000	1
2638	CLPP	1.000000	1
2639	CLRN1	1.000000	1
2640	CMPK2	1.000000	1
2641	CNOT1	1.000000	1
2642	CNTN1	1.000000	1
2643	CNTN2	1.000000	1
2644	COBLL1	1.000000	1
2645	COL10A1	1.000000	1
2646	COL12A1	1.000000	1
2647	COL4A5	1.000000	1
2648	COL4A6	1.000000	1
2649	COL6A1	1.000000	1
2650	COL6A3	1.000000	1
2651	COL9A3	1.000000	1
2652	COLGALT1	1.000000	1
2653	COLQ	1.000000	1
2654	COQ7	1.000000	1
2655	COQ8A	1.000000	1
2656	CORIN	1.000000	1
2657	CORO1A	1.000000	1
2658	COX10	1.000000	1
2659	COX16	1.000000	1
2660	COX18	1.000000	1
2661	COX20	1.000000	1
2662	COX4I1	1.000000	1
2663	COX5A	1.000000	1
2664	COX8A	1.000000	1
2665	COXFA4	1.000000	1
2666	CPE	1.000000	1
2667	CPS1	1.000000	1
2668	CRAT	1.000000	1
2669	CRLS1	1.000000	1
2670	CRYM	1.000000	1
2671	CST3	1.000000	1
2672	CSTB	1.000000	1
2673	CTC1	1.000000	1
2674	CTH	1.000000	1
2675	CTHRC1	1.000000	1
2676	CTLA4	1.000000	1
2677	CTNND1	1.000000	1
2678	CTSA	1.000000	1
2679	CYP26C1	1.000000	1
2680	CYP27B1	1.000000	1
2681	CYP2R1	1.000000	1
2682	CYP3A4	1.000000	1
2683	CYP4F22	1.000000	1
2684	DAO	1.000000	1
2685	DAP3	1.000000	1
2686	DARS1	1.000000	1
2687	DBH	1.000000	1
2688	DCDC2	1.000000	1
2689	DCLRE1C	1.000000	1
2690	DCTN1	1.000000	1
2691	DES	1.000000	1
2692	DGUOK	1.000000	1
2693	DHFR	1.000000	1
2694	DHODH	1.000000	1
2695	DHX16	1.000000	1
2696	DIP2B	1.000000	1
2697	DLD	1.000000	1
2698	DLG1	1.000000	1
2699	DLST	1.000000	1
2700	DLX5	1.000000	1
2701	DNAJC13	1.000000	1
2702	DNAJC3	1.000000	1
2703	DNAL4	1.000000	1
2704	DNASE2	1.000000	1
2705	DNM2	1.000000	1
2706	DOCK8	1.000000	1
2707	DRD2	1.000000	1
2708	DSG1	1.000000	1
2709	DSG4	1.000000	1
2710	DTNA	1.000000	1
2711	DYNLT2B	1.000000	1
2712	EARS2	1.000000	1
2713	EDA2R	1.000000	1
2714	EFEMP1	1.000000	1
2715	EGF	1.000000	1
2716	EIF2B1	1.000000	1
2717	EIF4G1	1.000000	1
2718	ELF4	1.000000	1
2719	ELMO2	1.000000	1
2720	ELOVL1	1.000000	1
2721	EMD	1.000000	1
2722	EML1	1.000000	1
2723	EOMES	1.000000	1
2724	EPAS1	1.000000	1
2725	EPRS1	1.000000	1
2726	ERBB3	1.000000	1
2727	ERBB4	1.000000	1
2728	ERCC6L2	1.000000	1
2729	ERGIC1	1.000000	1
2730	ETHE1	1.000000	1
2731	EXOC6B	1.000000	1
2732	EXOC8	1.000000	1
2733	EXOSC8	1.000000	1
2734	FAM13A	1.000000	1
2735	FAM50A	1.000000	1
2736	FARSA	1.000000	1
2737	FBP1	1.000000	1
2738	FBXO7	1.000000	1
2739	FGF10	1.000000	1
2740	FGF14	1.000000	1
2741	FGF20	1.000000	1
2742	FGF9	1.000000	1
2743	FIGLA	1.000000	1
2744	FITM2	1.000000	1
2745	FKBP14	1.000000	1
2746	FLRT1	1.000000	1
2747	FLT1	1.000000	1
2748	FMO3	1.000000	1
2749	FN1	1.000000	1
2750	FNIP1	1.000000	1
2751	FOLR1	1.000000	1
2752	FOXA2	1.000000	1
2753	FOXC1	1.000000	1
2754	FOXE3	1.000000	1
2755	FOXF1	1.000000	1
2756	FOXI1	1.000000	1
2757	FOXL2	1.000000	1
2758	FOXN1	1.000000	1
2759	FRG1	1.000000	1
2760	FSHR	1.000000	1
2761	FXN	1.000000	1
2762	G6PC3	1.000000	1
2763	GALC	1.000000	1
2764	GAN	1.000000	1
2765	GARS1	1.000000	1
2766	GAS2	1.000000	1
2767	GATA2	1.000000	1
2768	GATB	1.000000	1
2769	GATC	1.000000	1
2770	GBA2	1.000000	1
2771	GBE1	1.000000	1
2772	GCDH	1.000000	1
2773	GDF11	1.000000	1
2774	GDI1	1.000000	1
2775	GDNF	1.000000	1
2776	GEMIN5	1.000000	1
2777	GFRA1	1.000000	1
2778	GGCX	1.000000	1
2779	GIGYF2	1.000000	1
2780	GLA	1.000000	1
2781	GLDC	1.000000	1
2782	GLT8D1	1.000000	1
2783	GLUD1	1.000000	1
2784	GLUL	1.000000	1
2785	GM2A	1.000000	1
2786	GNAS-AS1	1.000000	1
2787	GNPTG	1.000000	1
2788	GPI	1.000000	1
2789	GPR161	1.000000	1
2790	GPR88	1.000000	1
2791	GPRASP2	1.000000	1
2792	GPRC5B	1.000000	1
2793	GPSM2	1.000000	1
2794	GPX4	1.000000	1
2795	GREB1L	1.000000	1
2796	GRHL3	1.000000	1
2797	GRN	1.000000	1
2798	GSS	1.000000	1
2799	GSX2	1.000000	1
2800	GUSB	1.000000	1
2801	GZF1	1.000000	1
2802	HADHA	1.000000	1
2803	HAL	1.000000	1
2804	HAX1	1.000000	1
2805	HBB	1.000000	1
2806	HEY2	1.000000	1
2807	HIC1	1.000000	1
2808	HINT1	1.000000	1
2809	HLA-DPA1	1.000000	1
2810	HLA-DPB1	1.000000	1
2811	HNF1A	1.000000	1
2812	HNRNPA2B1	1.000000	1
2813	HOXA1	1.000000	1
2814	HOXA13	1.000000	1
2815	HOXA2	1.000000	1
2816	HPRT1	1.000000	1
2817	HPSE2	1.000000	1
2818	HSD11B2	1.000000	1
2819	HSPA9	1.000000	1
2820	HTR2A	1.000000	1
2821	HTRA1	1.000000	1
2822	HYMAI	1.000000	1
2823	IDH2	1.000000	1
2824	IDS	1.000000	1
2825	IFT57	1.000000	1
2826	IGH	1.000000	1
2827	IL2RG	1.000000	1
2828	IMPA1	1.000000	1
2829	IREB2	1.000000	1
2830	IRF5	1.000000	1
2831	ISCA1	1.000000	1
2832	ISCA2	1.000000	1
2833	ITGA7	1.000000	1
2834	ITGA8	1.000000	1
2835	JAM3	1.000000	1
2836	JPH3	1.000000	1
2837	JUP	1.000000	1
2838	KANK1	1.000000	1
2839	KBTBD13	1.000000	1
2840	KCNC3	1.000000	1
2841	KCNJ18	1.000000	1
2842	KCNK9	1.000000	1
2843	KCNQ1OT1	1.000000	1
2844	KCTD1	1.000000	1
2845	KCTD17	1.000000	1
2846	KIAA0319L	1.000000	1
2847	KIF1B	1.000000	1
2848	KLC2	1.000000	1
2849	KLC4	1.000000	1
2850	KLF11	1.000000	1
2851	KLHL7	1.000000	1
2852	KREMEN1	1.000000	1
2853	KRT81	1.000000	1
2854	KRT83	1.000000	1
2855	KRT85	1.000000	1
2856	KRT86	1.000000	1
2857	L2HGDH	1.000000	1
2858	LAMA3	1.000000	1
2859	LAMB1	1.000000	1
2860	LAMB3	1.000000	1
2861	LAMC2	1.000000	1
2862	LAMP2	1.000000	1
2863	LARS2	1.000000	1
2864	LBX1	1.000000	1
2865	LEPR	1.000000	1
2866	LIAS	1.000000	1
2867	LIG1	1.000000	1
2868	LIPN	1.000000	1
2869	LOX	1.000000	1
2870	LRIG2	1.000000	1
2871	LRP1	1.000000	1
2872	LRRK1	1.000000	1
2873	LTC4S	1.000000	1
2874	LYRM4	1.000000	1
2875	LYRM7	1.000000	1
2876	LYST	1.000000	1
2877	MACROH2A1	1.000000	1
2878	MAD1L1	1.000000	1
2879	MAG	1.000000	1
2880	MAGT1	1.000000	1
2881	MALT1	1.000000	1
2882	MAMLD1	1.000000	1
2883	MANBA	1.000000	1
2884	MANF	1.000000	1
2885	MAPKAPK5	1.000000	1
2886	MARCHF6	1.000000	1
2887	MAST3	1.000000	1
2888	MAT1A	1.000000	1
2889	MAT2A	1.000000	1
2890	MATR3	1.000000	1
2891	MCCC1	1.000000	1
2892	MCCC2	1.000000	1
2893	MCEE	1.000000	1
2894	MCM5	1.000000	1
2895	MDH1	1.000000	1
2896	MECR	1.000000	1
2897	MED11	1.000000	1
2898	MED17	1.000000	1
2899	MFAP5	1.000000	1
2900	MFN2	1.000000	1
2901	MFSD8	1.000000	1
2902	MICAL1	1.000000	1
2903	MID2	1.000000	1
2904	MMAB	1.000000	1
2905	MMP14	1.000000	1
2906	MMUT	1.000000	1
2907	MNX1	1.000000	1
2908	MOGS	1.000000	1
2909	MPI	1.000000	1
2910	MPZ	1.000000	1
2911	MRE11	1.000000	1
2912	MRPL12	1.000000	1
2913	MRPS16	1.000000	1
2914	MRPS2	1.000000	1
2915	MRPS22	1.000000	1
2916	MSH4	1.000000	1
2917	MSR1	1.000000	1
2918	MT-ATP8	1.000000	1
2919	MT-TN	1.000000	1
2920	MT-TT	1.000000	1
2921	MTHFD1	1.000000	1
2922	MTMR14	1.000000	1
2923	MTO1	1.000000	1
2924	MTRFR	1.000000	1
2925	MUC5B	1.000000	1
2926	MYF6	1.000000	1
2927	MYH7	1.000000	1
2928	MYLK	1.000000	1
2929	MYO5A	1.000000	1
2930	MYORG	1.000000	1
2931	MYPN	1.000000	1
2932	MYRF	1.000000	1
2933	NAB2	1.000000	1
2934	NAXD	1.000000	1
2935	NDUFA10	1.000000	1
2936	NDUFA12	1.000000	1
2937	NDUFA13	1.000000	1
2938	NDUFB7	1.000000	1
2939	NDUFC2	1.000000	1
2940	NEFH	1.000000	1
2941	NEU1	1.000000	1
2942	NEUROD1	1.000000	1
2943	NEXN	1.000000	1
2944	NFU1	1.000000	1
2945	NIPAL4	1.000000	1
2946	NIT1	1.000000	1
2947	NLGN1	1.000000	1
2948	NLRP1	1.000000	1
2949	NOS1	1.000000	1
2950	NPC1	1.000000	1
2951	NPC2	1.000000	1
2952	NPHS1	1.000000	1
2953	NPM1	1.000000	1
2954	NR3C1	1.000000	1
2955	NR5A1	1.000000	1
2956	NRTN	1.000000	1
2957	NSMCE3	1.000000	1
2958	NSUN3	1.000000	1
2959	NTN1	1.000000	1
2960	NTRK1	1.000000	1
2961	OPA3	1.000000	1
2962	OPTN	1.000000	1
2963	OTOG	1.000000	1
2964	P4HB	1.000000	1
2965	P4HTM	1.000000	1
2966	PACSIN3	1.000000	1
2967	PAM16	1.000000	1
2968	PANK2	1.000000	1
2969	PAPPA2	1.000000	1
2970	PAPSS2	1.000000	1
2971	PAX2	1.000000	1
2972	PAX4	1.000000	1
2973	PC	1.000000	1
2974	PCK1	1.000000	1
2975	PCK2	1.000000	1
2976	PDE11A	1.000000	1
2977	PDE3A	1.000000	1
2978	PDGFB	1.000000	1
2979	PDHB	1.000000	1
2980	PDP1	1.000000	1
2981	PDSS1	1.000000	1
2982	PDZD7	1.000000	1
2983	PFN1	1.000000	1
2984	PHEX	1.000000	1
2985	PHYH	1.000000	1
2986	PIEZO1	1.000000	1
2987	PIGM	1.000000	1
2988	PIK3C2A	1.000000	1
2989	PITRM1	1.000000	1
2990	PITX3	1.000000	1
2991	PKHD1L1	1.000000	1
2992	PKLR	1.000000	1
2993	PLAAT3	1.000000	1
2994	PLAGL1	1.000000	1
2995	PLCB1	1.000000	1
2996	PLOD1	1.000000	1
2997	PNPO	1.000000	1
2998	POLH	1.000000	1
2999	POLR3GL	1.000000	1
3000	POLR3H	1.000000	1
3001	POMP	1.000000	1
3002	PON1	1.000000	1
3003	PON2	1.000000	1
3004	PON3	1.000000	1
3005	POU3F4	1.000000	1
3006	PPARGC1A	1.000000	1
3007	PPM1B	1.000000	1
3008	PPP1R13L	1.000000	1
3009	PPP2R2B	1.000000	1
3010	PRDM12	1.000000	1
3011	PREPL	1.000000	1
3012	PRICKLE1	1.000000	1
3013	PRKCSH	1.000000	1
3014	PRKG1	1.000000	1
3015	PRPH	1.000000	1
3016	PRSS12	1.000000	1
3017	PRTN3	1.000000	1
3018	PSEN2	1.000000	1
3019	PSMB10	1.000000	1
3020	PSMC3IP	1.000000	1
3021	PSMG2	1.000000	1
3022	PTCD3	1.000000	1
3023	PTCRA	1.000000	1
3024	PTHLH	1.000000	1
3025	PTPN22	1.000000	1
3026	PTPN23	1.000000	1
3027	PTPRF	1.000000	1
3028	QARS1	1.000000	1
3029	QRSL1	1.000000	1
3030	RAB33B	1.000000	1
3031	RAG1	1.000000	1
3032	RAG2	1.000000	1
3033	RANBP2	1.000000	1
3034	RAPGEF2	1.000000	1
3035	RARB	1.000000	1
3036	RC3H1	1.000000	1
3037	RCBTB1	1.000000	1
3038	REN	1.000000	1
3039	REPS1	1.000000	1
3040	RFC1	1.000000	1
3041	RFX6	1.000000	1
3042	RHAG	1.000000	1
3043	RHBDF2	1.000000	1
3044	RHCE	1.000000	1
3045	RHD	1.000000	1
3046	RMND1	1.000000	1
3047	RNF168	1.000000	1
3048	RNF213	1.000000	1
3049	RNF220	1.000000	1
3050	RNPC3	1.000000	1
3051	RORB	1.000000	1
3052	RRAGC	1.000000	1
3053	RRM1	1.000000	1
3054	RSPO2	1.000000	1
3055	RTN4IP1	1.000000	1
3056	SACS	1.000000	1
3057	SAMD12	1.000000	1
3058	SAMD9L	1.000000	1
3059	SAR1B	1.000000	1
3060	SARDH	1.000000	1
3061	SBF2	1.000000	1
3062	SCARB2	1.000000	1
3063	SCN10A	1.000000	1
3064	SCN11A	1.000000	1
3065	SCNN1A	1.000000	1
3066	SCNN1B	1.000000	1
3067	SCNN1G	1.000000	1
3068	SCYL1	1.000000	1
3069	SDHAF2	1.000000	1
3070	SDR9C7	1.000000	1
3071	SEC63	1.000000	1
3072	SECISBP2	1.000000	1
3073	SEMA3C	1.000000	1
3074	SEMA3D	1.000000	1
3075	SF3B2	1.000000	1
3076	SFTPA1	1.000000	1
3077	SFTPA2	1.000000	1
3078	SFTPC	1.000000	1
3079	SGCB	1.000000	1
3080	SGCE	1.000000	1
3081	SGPL1	1.000000	1
3082	SHARPIN	1.000000	1
3083	SIX6	1.000000	1
3084	SLC12A3	1.000000	1
3085	SLC16A1	1.000000	1
3086	SLC19A2	1.000000	1
3087	SLC1A1	1.000000	1
3088	SLC20A2	1.000000	1
3089	SLC25A11	1.000000	1
3090	SLC25A13	1.000000	1
3091	SLC25A15	1.000000	1
3092	SLC25A19	1.000000	1
3093	SLC25A20	1.000000	1
3094	SLC2A3	1.000000	1
3095	SLC30A10	1.000000	1
3096	SLC30A7	1.000000	1
3097	SLC31A1	1.000000	1
3098	SLC33A1	1.000000	1
3099	SLC34A3	1.000000	1
3100	SLC35B2	1.000000	1
3101	SLC35D1	1.000000	1
3102	SLC36A2	1.000000	1
3103	SLC39A13	1.000000	1
3104	SLC3A1	1.000000	1
3105	SLC44A1	1.000000	1
3106	SLC4A4	1.000000	1
3107	SLC6A4	1.000000	1
3108	SLC7A6OS	1.000000	1
3109	SLC7A7	1.000000	1
3110	SLC9A1	1.000000	1
3111	SLURP1	1.000000	1
3112	SMAD2	1.000000	1
3113	SMAD3	1.000000	1
3114	SMAD6	1.000000	1
3115	SMARCD2	1.000000	1
3116	SNAPC4	1.000000	1
3117	SNCAIP	1.000000	1
3118	SNIP1	1.000000	1
3119	SNUPN	1.000000	1
3120	SORL1	1.000000	1
3121	SP110	1.000000	1
3122	SP7	1.000000	1
3123	SPAST	1.000000	1
3124	SPIDR	1.000000	1
3125	SPIN4	1.000000	1
3126	SPINT2	1.000000	1
3127	SPRTN	1.000000	1
3128	SPTLC2	1.000000	1
3129	SQSTM1	1.000000	1
3130	SREBF1	1.000000	1
3131	ST3GAL3	1.000000	1
3132	STARD7	1.000000	1
3133	STAT5B	1.000000	1
3134	STOX1	1.000000	1
3135	STUB1	1.000000	1
3136	STX4	1.000000	1
3137	SULT2B1	1.000000	1
3138	SURF1	1.000000	1
3139	SYNE2	1.000000	1
3140	SYP	1.000000	1
3141	SYT14	1.000000	1
3142	TACO1	1.000000	1
3143	TAF15	1.000000	1
3144	TAMM41	1.000000	1
3145	TAP1	1.000000	1
3146	TARDBP	1.000000	1
3147	TBC1D2B	1.000000	1
3148	TBL1X	1.000000	1
3149	TBP	1.000000	1
3150	TBX22	1.000000	1
3151	TBX3	1.000000	1
3152	TCN2	1.000000	1
3153	TDP1	1.000000	1
3154	TENT5A	1.000000	1
3155	TFAM	1.000000	1
3156	TFG	1.000000	1
3157	TGFB2	1.000000	1
3158	TGM1	1.000000	1
3159	TGM6	1.000000	1
3160	THG1L	1.000000	1
3161	THSD4	1.000000	1
3162	TIMM8A	1.000000	1
3163	TKFC	1.000000	1
3164	TLR3	1.000000	1
3165	TLR7	1.000000	1
3166	TMEM127	1.000000	1
3167	TMEM165	1.000000	1
3168	TMEM240	1.000000	1
3169	TMEM260	1.000000	1
3170	TMEM43	1.000000	1
3171	TMEM63A	1.000000	1
3172	TNFRSF11B	1.000000	1
3173	TNFRSF1A	1.000000	1
3174	TNFSF11	1.000000	1
3175	TNNI2	1.000000	1
3176	TNNT3	1.000000	1
3177	TNPO3	1.000000	1
3178	TNR	1.000000	1
3179	TNRC6A	1.000000	1
3180	TOMM40	1.000000	1
3181	TP73	1.000000	1
3182	TPP1	1.000000	1
3183	TPRN	1.000000	1
3184	TRANK1	1.000000	1
3185	TRIM2	1.000000	1
3186	TRMT10C	1.000000	1
3187	TRMU	1.000000	1
3188	TRNT1	1.000000	1
3189	TSFM	1.000000	1
3190	TSPEAR	1.000000	1
3191	TSPYL1	1.000000	1
3192	TTC21B	1.000000	1
3193	TUBA8	1.000000	1
3194	TUBB2A	1.000000	1
3195	TXN2	1.000000	1
3196	TXNL4A	1.000000	1
3197	UBB	1.000000	1
3198	UBQLN2	1.000000	1
3199	UMPS	1.000000	1
3200	UNC13A	1.000000	1
3201	UQCRC1	1.000000	1
3202	UQCRC2	1.000000	1
3203	UQCRFS1	1.000000	1
3204	UROC1	1.000000	1
3205	USH2A	1.000000	1
3206	USP18	1.000000	1
3207	USP48	1.000000	1
3208	VANGL1	1.000000	1
3209	VANGL2	1.000000	1
3210	VAPB	1.000000	1
3211	VARS2	1.000000	1
3212	VDR	1.000000	1
3213	VHL	1.000000	1
3214	VKORC1	1.000000	1
3215	VMA21	1.000000	1
3216	VPS13A	1.000000	1
3217	VPS16	1.000000	1
3218	VPS35	1.000000	1
3219	VPS50	1.000000	1
3220	VSX1	1.000000	1
3221	VSX2	1.000000	1
3222	VWA3B	1.000000	1
3223	WAS	1.000000	1
3224	WBP11	1.000000	1
3225	WDR48	1.000000	1
3226	WHRN	1.000000	1
3227	WNK1	1.000000	1
3228	WNT9B	1.000000	1
3229	WRAP53	1.000000	1
3230	XK	1.000000	1
3231	XPNPEP3	1.000000	1
3232	XPR1	1.000000	1
3233	YAP1	1.000000	1
3234	YEATS2	1.000000	1
3235	YIPF5	1.000000	1
3236	ZC3H14	1.000000	1
3237	ZFP57	1.000000	1
3238	ZFR	1.000000	1
3239	ZFYVE26	1.000000	1
3240	ZIC3	1.000000	1
3241	ZNF341	1.000000	1
3242	ZNFX1	1.000000	1
3243	ZNRF3	1.000000	1
3244	ZSWIM7	1.000000	1
